,hero_r1,hero_r2,stage_pre,stage_flop,stage_turn,stage_river,board_r1,board_r2,board_r3,board_r4,board_r5,suit_po,stra_po,gut_po,position_norm,facing_ratio,if_fold,hero_bet_ratio,result
0,0.357,0.5,1,0,0,0,0.0,0.0,0.0,0.0,0.0,0.2,0.2,0,0.167,0.667,0,1.333,0.175
1,0.357,0.5,0,1,0,0,0.5,0.286,0.429,0.0,0.0,0.4,0.8,0,0.167,0.0,0,0.571,0.175
2,0.357,0.5,0,0,1,0,0.5,0.286,0.429,0.929,0.0,0.4,0.8,0,0.167,0.0,0,0.0,0.175
3,0.357,0.5,0,0,1,0,0.5,0.286,0.429,0.929,0.0,0.4,0.8,0,0.167,0.4,0,0.4,0.175
4,0.357,0.5,0,0,0,1,0.5,0.286,0.429,0.929,0.786,0.4,0.8,0,0.167,0.0,0,0.514,0.175
5,0.5,0.929,1,0,0,0,0.0,0.0,0.0,0.0,0.0,0.2,0.2,0,0.333,0.8,0,0.4,0.05
6,0.5,0.929,0,1,0,0,0.286,0.143,0.286,0.0,0.0,0.6,0.2,0,0.333,0.0,0,0.0,0.05
7,0.5,0.929,0,0,1,0,0.286,0.143,0.286,0.571,0.0,0.6,0.4,0,0.333,0.0,0,0.714,0.05
8,0.5,0.929,0,0,0,1,0.286,0.143,0.286,0.571,0.571,0.8,0.4,0,0.333,0.0,0,0.0,0.05
9,0.429,0.5,1,0,0,0,0.0,0.0,0.0,0.0,0.0,0.4,0.4,0,0.5,0.667,0,0.667,-0.02
10,0.429,0.5,1,0,0,0,0.0,0.0,0.0,0.0,0.0,0.4,0.4,0,0.5,0.69,1,-0.069,-0.02
11,0.857,0.357,1,0,0,0,0.0,0.0,0.0,0.0,0.0,0.4,0.2,0,0.667,0.667,1,0.0,0.0
12,0.571,0.5,1,0,0,0,0.0,0.0,0.0,0.0,0.0,0.4,0.4,0,0.833,0.833,0,0.833,0.085
13,0.571,0.5,0,1,0,0,0.929,0.5,0.643,0.0,0.0,0.4,0.6,0,0.833,0.0,0,0.6,0.085
14,0.357,0.571,1,0,0,0,0.0,0.0,0.0,0.0,0.0,0.2,0.2,0,0.0,0.667,0,1.333,-0.02
15,0.357,0.571,1,0,0,0,0.0,0.0,0.0,0.0,0.0,0.2,0.2,0,0.0,0.37,1,-0.148,-0.02
16,0.929,0.429,1,0,0,0,0.0,0.0,0.0,0.0,0.0,0.2,0.2,0,0.167,0.8,1,0.0,-0.01
17,0.143,0.429,1,0,0,0,0.0,0.0,0.0,0.0,0.0,0.2,0.2,0,0.333,0.962,1,0.0,-0.02
18,0.714,1.0,1,0,0,0,0.0,0.0,0.0,0.0,0.0,0.2,0.2,0,0.5,0.667,0,1.333,0.11
19,0.714,1.0,0,1,0,0,0.714,0.571,0.357,0.0,0.0,0.4,0.2,0,0.5,0.0,0,0.0,0.11
20,0.714,1.0,0,0,1,0,0.714,0.571,0.357,0.429,0.0,0.4,0.4,0,0.5,0.0,0,0.667,0.11
21,0.714,1.0,0,0,0,1,0.714,0.571,0.357,0.429,0.214,0.4,0.4,0,0.5,0.0,0,0.0,0.11
22,0.143,0.357,1,0,0,0,0.0,0.0,0.0,0.0,0.0,0.2,0.2,0,0.667,0.667,1,0.0,0.0
23,0.357,0.929,1,0,0,0,0.0,0.0,0.0,0.0,0.0,0.2,0.2,0,0.833,0.667,1,0.0,0.0
24,0.857,0.5,1,0,0,0,0.0,0.0,0.0,0.0,0.0,0.2,0.2,0,0.0,0.667,1,0.0,0.0
25,0.857,0.857,1,0,0,0,0.0,0.0,0.0,0.0,0.0,0.2,0.2,0,0.167,0.4,0,0.8,0.05
26,0.857,0.857,0,1,0,0,0.286,0.643,0.143,0.0,0.0,0.4,0.2,0,0.167,0.0,0,0.0,0.05
27,0.857,0.857,0,0,1,0,0.286,0.643,0.143,0.929,0.0,0.6,0.4,0,0.167,0.0,0,0.556,0.05
28,0.929,0.714,1,0,0,0,0.0,0.0,0.0,0.0,0.0,0.2,0.2,0,0.333,0.571,0,1.143,0.1
29,0.929,0.714,0,1,0,0,0.929,0.643,0.786,0.0,0.0,0.4,0.6,1,0.333,0.0,0,0.647,0.1
30,0.571,0.214,1,0,0,0,0.0,0.0,0.0,0.0,0.0,0.2,0.2,0,0.5,0.667,1,0.0,0.0
31,0.929,0.857,1,0,0,0,0.0,0.0,0.0,0.0,0.0,0.2,0.4,0,0.667,0.667,0,2.0,0.36
32,0.929,0.857,1,0,0,0,0.0,0.0,0.0,0.0,0.0,0.2,0.4,0,0.667,0.682,0,14.136,0.36
33,0.143,0.857,1,0,0,0,0.0,0.0,0.0,0.0,0.0,0.2,0.2,0,0.833,0.667,1,0.0,0.0
34,1.0,0.714,1,0,0,0,0.0,0.0,0.0,0.0,0.0,0.2,0.2,0,0.0,0.889,0,0.889,-0.08
35,1.0,0.714,0,1,0,0,0.714,0.571,0.214,0.0,0.0,0.6,0.2,0,0.0,0.674,1,0.0,-0.08
36,0.357,0.5,1,0,0,0,0.0,0.0,0.0,0.0,0.0,0.2,0.2,0,0.167,0.7,1,0.0,-0.01
37,0.857,0.214,1,0,0,0,0.0,0.0,0.0,0.0,0.0,0.2,0.2,0,0.333,0.4,0,0.0,-0.05
38,0.857,0.214,0,1,0,0,0.429,0.929,0.643,0.0,0.0,0.4,0.4,0,0.333,0.0,0,0.0,-0.05
39,0.857,0.214,0,0,1,0,0.429,0.929,0.643,0.714,0.0,0.4,0.4,1,0.333,0.0,0,0.6,-0.05
40,0.857,0.214,0,0,0,1,0.429,0.929,0.643,0.714,0.357,0.6,0.4,1,0.333,0.0,0,0.0,-0.05
41,0.429,0.429,1,0,0,0,0.0,0.0,0.0,0.0,0.0,0.2,0.2,0,0.5,0.667,0,0.667,0.14
42,0.429,0.429,1,0,0,0,0.0,0.0,0.0,0.0,0.0,0.2,0.2,0,0.5,0.222,0,0.0,0.14
43,0.429,0.429,0,1,0,0,0.714,0.714,0.429,0.0,0.0,0.4,0.2,0,0.5,0.0,0,0.0,0.14
44,0.429,0.429,0,1,0,0,0.714,0.714,0.429,0.0,0.0,0.4,0.2,0,0.5,0.421,0,0.421,0.14
45,0.429,0.429,0,0,1,0,0.714,0.714,0.429,0.929,0.0,0.4,0.2,0,0.5,0.0,0,0.0,0.14
46,0.429,0.429,0,0,0,1,0.714,0.714,0.429,0.929,0.143,0.6,0.2,0,0.5,0.0,0,0.0,0.14
47,0.786,0.857,1,0,0,0,0.0,0.0,0.0,0.0,0.0,0.2,0.4,0,0.667,0.833,0,0.833,0.09
48,0.786,0.857,0,1,0,0,0.286,1.0,0.143,0.0,0.0,0.6,0.4,0,0.667,0.0,0,0.0,0.09
49,0.786,0.857,0,0,1,0,0.286,1.0,0.143,0.143,0.0,0.6,0.4,0,0.667,0.0,0,0.0,0.09
50,0.786,0.857,0,0,0,1,0.286,1.0,0.143,0.143,0.357,0.8,0.4,1,0.667,0.0,0,0.375,0.09
51,0.929,0.571,1,0,0,0,0.0,0.0,0.0,0.0,0.0,0.2,0.2,0,0.833,0.667,1,0.0,0.0
52,0.643,0.143,1,0,0,0,0.0,0.0,0.0,0.0,0.0,0.2,0.2,0,0.0,0.667,1,0.0,0.0
53,0.286,0.357,1,0,0,0,0.0,0.0,0.0,0.0,0.0,0.2,0.4,0,0.167,0.4,0,0.2,0.03
54,0.286,0.357,0,1,0,0,0.714,0.429,0.429,0.0,0.0,0.4,0.6,0,0.167,0.0,0,0.0,0.03
55,0.286,0.357,0,0,1,0,0.714,0.429,0.429,0.286,0.0,0.4,0.6,0,0.167,0.0,0,0.5,0.03
56,0.286,0.929,1,0,0,0,0.0,0.0,0.0,0.0,0.0,0.4,0.2,0,0.333,0.462,0,0.308,-0.06
57,0.286,0.929,0,1,0,0,0.5,0.714,0.143,0.0,0.0,0.4,0.2,0,0.333,0.0,0,0.0,-0.06
58,0.286,0.929,0,1,0,0,0.5,0.714,0.143,0.0,0.0,0.4,0.2,0,0.333,0.37,1,0.0,-0.06
59,0.214,0.929,1,0,0,0,0.0,0.0,0.0,0.0,0.0,0.2,0.2,0,0.5,0.667,1,0.0,0.0
60,0.857,0.143,1,0,0,0,0.0,0.0,0.0,0.0,0.0,0.2,0.2,0,0.667,0.833,1,0.0,0.0
61,0.143,0.571,1,0,0,0,0.0,0.0,0.0,0.0,0.0,0.2,0.2,0,0.833,0.667,1,0.0,0.0
62,0.786,0.286,1,0,0,0,0.0,0.0,0.0,0.0,0.0,0.2,0.2,0,0.0,0.833,1,0.0,0.0
63,1.0,0.929,1,0,0,0,0.0,0.0,0.0,0.0,0.0,0.2,0.4,0,0.167,0.875,0,1.625,-0.21
64,1.0,0.929,0,1,0,0,0.714,0.786,0.5,0.0,0.0,0.4,0.4,1,0.167,0.0,0,0.7,-0.21
65,1.0,0.929,0,0,1,0,0.714,0.786,0.5,0.429,0.0,0.6,0.4,1,0.167,0.0,0,0.0,-0.21
66,1.0,0.929,0,0,1,0,0.714,0.786,0.5,0.429,0.0,0.6,0.4,1,0.167,0.711,1,0.0,-0.21
67,0.357,0.857,1,0,0,0,0.0,0.0,0.0,0.0,0.0,0.4,0.2,0,0.333,0.857,0,0.571,-0.11
68,0.357,0.857,0,1,0,0,0.786,0.714,0.714,0.0,0.0,0.4,0.6,0,0.333,0.0,0,0.0,-0.11
69,0.357,0.857,0,1,0,0,0.786,0.714,0.714,0.0,0.0,0.4,0.6,0,0.333,0.313,0,0.313,-0.11
70,0.357,0.857,0,0,1,0,0.786,0.714,0.714,0.357,0.0,0.4,0.6,0,0.333,0.0,0,0.0,-0.11
71,0.357,0.857,0,0,1,0,0.786,0.714,0.714,0.357,0.0,0.4,0.6,0,0.333,0.462,1,0.0,-0.11
72,1.0,0.429,1,0,0,0,0.0,0.0,0.0,0.0,0.0,0.2,0.2,0,0.5,0.667,0,0.667,-0.02
73,1.0,0.429,0,1,0,0,0.214,0.857,0.357,0.0,0.0,0.4,0.4,0,0.5,0.0,0,0.0,-0.02
74,1.0,0.429,0,0,1,0,0.214,0.857,0.357,0.857,0.0,0.6,0.4,0,0.5,0.0,0,0.0,-0.02
75,1.0,0.429,0,0,1,0,0.214,0.857,0.357,0.857,0.0,0.6,0.4,0,0.5,0.5,1,0.0,-0.02
76,0.143,0.929,1,0,0,0,0.0,0.0,0.0,0.0,0.0,0.2,0.2,0,0.667,0.667,1,0.0,0.0
77,0.857,0.143,1,0,0,0,0.0,0.0,0.0,0.0,0.0,0.2,0.2,0,0.833,0.667,1,0.0,0.0
78,0.929,0.786,1,0,0,0,0.0,0.0,0.0,0.0,0.0,0.2,0.2,0,0.0,0.833,0,0.833,0.08
79,0.929,0.786,0,1,0,0,0.286,0.143,0.429,0.0,0.0,0.4,0.2,0,0.0,0.0,0,0.0,0.08
80,0.929,0.786,0,0,1,0,0.286,0.143,0.429,0.214,0.0,0.4,0.6,1,0.0,0.0,0,0.0,0.08
81,0.929,0.786,0,0,0,1,0.286,0.143,0.429,0.214,0.214,0.6,0.6,1,0.0,0.0,0,0.429,0.08
82,0.786,0.929,1,0,0,0,0.0,0.0,0.0,0.0,0.0,0.2,0.2,0,0.167,0.769,0,0.692,0.155
83,0.786,0.929,0,1,0,0,0.786,0.5,0.571,0.0,0.0,0.6,0.4,0,0.167,0.0,0,0.0,0.155
84,0.786,0.929,0,0,1,0,0.786,0.5,0.571,0.643,0.0,0.6,0.6,1,0.167,0.0,0,0.0,0.155
85,0.786,0.929,0,0,0,1,0.786,0.5,0.571,0.643,0.214,0.8,0.6,1,0.167,0.0,0,0.0,0.155
86,0.786,0.143,1,0,0,0,0.0,0.0,0.0,0.0,0.0,0.2,0.2,0,0.333,0.8,0,0.4,0.09
87,0.786,0.143,0,1,0,0,0.929,0.786,0.786,0.0,0.0,0.4,0.2,0,0.333,0.0,0,0.0,0.09
88,0.786,0.143,0,1,0,0,0.929,0.786,0.786,0.0,0.0,0.4,0.2,0,0.333,0.417,0,0.417,0.09
89,0.786,0.143,0,0,1,0,0.929,0.786,0.786,0.214,0.0,0.4,0.4,0,0.333,0.0,0,0.0,0.09
90,0.786,0.143,0,0,0,1,0.929,0.786,0.786,0.214,0.5,0.6,0.4,0,0.333,0.0,0,0.235,0.09
91,0.786,0.429,1,0,0,0,0.0,0.0,0.0,0.0,0.0,0.2,0.2,0,0.5,0.667,1,0.0,0.0
92,0.643,0.357,1,0,0,0,0.0,0.0,0.0,0.0,0.0,0.2,0.2,0,0.667,0.667,1,0.0,0.0
93,0.857,0.429,1,0,0,0,0.0,0.0,0.0,0.0,0.0,0.2,0.2,0,0.833,0.857,1,0.0,0.0
94,1.0,0.357,1,0,0,0,0.0,0.0,0.0,0.0,0.0,0.4,0.2,0,0.0,0.8,0,0.8,0.945
95,1.0,0.357,0,1,0,0,1.0,0.357,0.643,0.0,0.0,0.4,0.2,0,0.0,0.364,0,0.364,0.945
96,1.0,0.357,0,0,1,0,1.0,0.357,0.643,0.286,0.0,0.6,0.4,0,0.0,0.345,0,0.345,0.945
97,1.0,0.357,0,0,0,1,1.0,0.357,0.643,0.286,0.643,0.8,0.4,0,0.0,0.338,0,0.338,0.945
98,0.5,0.929,1,0,0,0,0.0,0.0,0.0,0.0,0.0,0.2,0.2,0,0.333,0.857,1,0.0,-0.01
99,1.0,0.357,1,0,0,0,0.0,0.0,0.0,0.0,0.0,0.2,0.2,0,0.5,0.25,0,0.0,-0.06
100,1.0,0.357,0,1,0,0,0.786,0.429,0.929,0.0,0.0,0.6,0.4,0,0.5,0.0,0,0.0,-0.06
101,1.0,0.357,0,0,1,0,0.786,0.429,0.929,0.357,0.0,0.6,0.4,0,0.5,0.0,0,0.0,-0.06
102,1.0,0.357,0,0,0,1,0.786,0.429,0.929,0.357,0.143,0.8,0.4,0,0.5,0.0,0,0.5,-0.06
103,0.571,0.571,1,0,0,0,0.0,0.0,0.0,0.0,0.0,0.2,0.2,0,0.667,0.667,0,0.667,0.115
104,0.571,0.571,0,1,0,0,0.643,0.357,0.143,0.0,0.0,0.4,0.4,0,0.667,0.0,0,0.5,0.115
105,0.571,0.571,0,0,1,0,0.643,0.357,0.143,0.714,0.0,0.4,0.6,0,0.667,0.091,0,0.091,0.115
106,0.571,0.571,0,0,0,1,0.643,0.357,0.143,0.714,0.214,0.4,0.6,0,0.667,0.0,0,0.333,0.115
107,0.571,0.643,1,0,0,0,0.0,0.0,0.0,0.0,0.0,0.4,0.4,0,0.0,0.909,1,0.0,0.0
108,0.143,1.0,1,0,0,0,0.0,0.0,0.0,0.0,0.0,0.4,0.4,0,0.167,0.667,0,0.333,0.02
109,0.143,1.0,0,1,0,0,0.286,0.714,0.286,0.0,0.0,0.4,0.4,0,0.167,0.0,0,0.0,0.02
110,0.143,1.0,0,0,1,0,0.286,0.714,0.286,1.0,0.0,0.4,0.4,0,0.167,0.0,0,0.0,0.02
111,0.143,1.0,0,0,0,1,0.286,0.714,0.286,1.0,0.786,0.4,0.4,0,0.167,0.0,0,0.5,0.02
112,0.214,0.5,1,0,0,0,0.0,0.0,0.0,0.0,0.0,0.2,0.2,0,0.333,0.455,1,0.0,-0.02
113,0.643,0.857,1,0,0,0,0.0,0.0,0.0,0.0,0.0,0.2,0.2,0,0.5,0.667,0,1.333,0.15
114,0.643,0.857,0,1,0,0,0.929,0.857,0.357,0.0,0.0,0.4,0.4,0,0.5,0.0,0,0.429,0.15
115,0.643,0.857,0,0,1,0,0.929,0.857,0.357,0.214,0.0,0.4,0.4,0,0.5,0.0,0,0.615,0.15
116,0.643,0.857,0,0,0,1,0.929,0.857,0.357,0.214,1.0,0.6,0.6,0,0.5,0.0,0,0.0,0.15
117,0.286,0.429,1,0,0,0,0.0,0.0,0.0,0.0,0.0,0.2,0.2,0,0.667,0.667,1,0.0,0.0
118,0.929,0.286,1,0,0,0,0.0,0.0,0.0,0.0,0.0,0.2,0.2,0,0.833,0.667,1,0.0,0.0
119,0.357,0.929,1,0,0,0,0.0,0.0,0.0,0.0,0.0,0.2,0.2,0,0.0,0.667,1,0.0,0.0
120,0.714,0.714,1,0,0,0,0.0,0.0,0.0,0.0,0.0,0.2,0.2,0,0.167,0.4,0,0.8,-0.18
121,0.714,0.714,0,1,0,0,0.143,0.286,0.929,0.0,0.0,0.6,0.2,0,0.167,0.0,0,0.556,-0.18
122,0.714,0.714,0,0,1,0,0.143,0.286,0.929,0.357,0.0,0.8,0.4,0,0.167,0.0,0,0.0,-0.18
123,0.714,0.714,0,0,1,0,0.143,0.286,0.929,0.357,0.0,0.8,0.4,0,0.167,0.345,0,0.345,-0.18
124,0.714,0.714,0,0,0,1,0.143,0.286,0.929,0.357,0.214,0.8,0.8,0,0.167,0.0,0,0.0,-0.18
125,0.357,0.214,1,0,0,0,0.0,0.0,0.0,0.0,0.0,0.2,0.2,0,0.333,0.333,0,0.0,-0.05
126,0.357,0.214,0,1,0,0,0.786,0.357,0.286,0.0,0.0,0.4,0.6,0,0.333,0.0,0,0.5,-0.05
127,0.357,0.214,0,0,1,0,0.786,0.357,0.286,0.643,0.0,0.4,0.6,0,0.333,0.0,0,0.0,-0.05
128,0.357,0.214,0,0,0,1,0.786,0.357,0.286,0.643,0.143,0.6,0.8,0,0.333,0.0,0,0.0,-0.05
129,0.786,0.143,1,0,0,0,0.0,0.0,0.0,0.0,0.0,0.2,0.2,0,0.667,0.667,1,0.0,0.0
130,0.357,0.286,1,0,0,0,0.0,0.0,0.0,0.0,0.0,0.4,0.4,0,0.833,0.857,1,0.0,0.0
131,0.571,0.714,1,0,0,0,0.0,0.0,0.0,0.0,0.0,0.2,0.2,0,0.0,0.486,1,0.0,0.0
132,0.143,0.643,1,0,0,0,0.0,0.0,0.0,0.0,0.0,0.4,0.2,0,0.167,0.435,1,0.0,-0.01
133,0.5,0.643,1,0,0,0,0.0,0.0,0.0,0.0,0.0,0.2,0.2,0,0.333,0.769,1,0.0,-0.02
134,1.0,1.0,1,0,0,0,0.0,0.0,0.0,0.0,0.0,0.2,0.2,0,0.0,0.8,0,0.8,-0.76
135,1.0,1.0,0,1,0,0,0.571,0.714,0.143,0.0,0.0,0.4,0.4,0,0.0,0.389,0,0.389,-0.76
136,1.0,1.0,0,0,1,0,0.571,0.714,0.143,0.786,0.0,0.6,0.4,0,0.0,0.536,0,1.478,-0.76
137,0.643,0.286,1,0,0,0,0.0,0.0,0.0,0.0,0.0,0.4,0.2,0,0.167,0.857,1,0.0,-0.01
138,0.786,0.143,1,0,0,0,0.0,0.0,0.0,0.0,0.0,0.2,0.2,0,0.833,0.667,1,0.0,0.0
139,0.714,0.643,1,0,0,0,0.0,0.0,0.0,0.0,0.0,0.2,0.4,0,0.0,0.667,0,1.333,-0.02
140,0.714,0.643,1,0,0,0,0.0,0.0,0.0,0.0,0.0,0.2,0.4,0,0.0,0.706,1,-0.235,-0.02
141,0.143,0.429,1,0,0,0,0.0,0.0,0.0,0.0,0.0,0.2,0.2,0,0.167,0.857,1,0.0,-0.01
142,0.857,0.143,1,0,0,0,0.0,0.0,0.0,0.0,0.0,0.2,0.2,0,0.333,0.833,0,0.5,0.09
143,0.857,0.143,0,1,0,0,0.143,0.286,0.571,0.0,0.0,0.4,0.2,0,0.333,0.0,0,0.0,0.09
144,0.857,0.143,0,1,0,0,0.143,0.286,0.571,0.0,0.0,0.4,0.2,0,0.333,0.308,0,0.308,0.09
145,0.857,0.143,0,0,1,0,0.143,0.286,0.571,0.714,0.0,0.4,0.2,0,0.333,0.0,0,0.0,0.09
146,0.857,0.143,0,0,0,1,0.143,0.286,0.571,0.714,0.357,0.4,0.4,0,0.333,0.0,0,0.0,0.09
147,0.643,0.929,1,0,0,0,0.0,0.0,0.0,0.0,0.0,0.4,0.2,0,0.5,0.667,0,0.667,-0.22
148,0.643,0.929,1,0,0,0,0.0,0.0,0.0,0.0,0.0,0.4,0.2,0,0.5,0.8,0,0.72,-0.22
149,0.643,0.929,0,1,0,0,0.286,0.5,0.714,0.0,0.0,0.6,0.4,0,0.5,0.392,1,0.0,-0.22
150,0.5,0.714,1,0,0,0,0.0,0.0,0.0,0.0,0.0,0.2,0.2,0,0.667,0.667,1,0.0,0.0
151,0.214,0.929,1,0,0,0,0.0,0.0,0.0,0.0,0.0,0.2,0.2,0,0.833,0.857,1,0.0,0.0
152,0.857,1.0,1,0,0,0,0.0,0.0,0.0,0.0,0.0,0.2,0.2,0,0.0,0.667,0,1.333,0.075
153,0.857,1.0,1,0,0,0,0.0,0.0,0.0,0.0,0.0,0.2,0.2,0,0.0,0.375,0,-0.125,0.075
154,0.857,1.0,0,1,0,0,0.143,0.214,0.571,0.0,0.0,0.4,0.6,0,0.0,0.0,0,0.727,0.075
155,0.571,0.286,1,0,0,0,0.0,0.0,0.0,0.0,0.0,0.2,0.2,0,0.167,0.8,1,0.0,-0.01
156,0.643,0.143,1,0,0,0,0.0,0.0,0.0,0.0,0.0,0.4,0.2,0,0.333,0.933,1,0.0,-0.02
157,0.429,0.429,1,0,0,0,0.0,0.0,0.0,0.0,0.0,0.2,0.2,0,0.5,0.667,0,0.667,0.025
158,0.429,0.429,0,1,0,0,0.571,0.357,0.714,0.0,0.0,0.4,0.4,0,0.5,0.0,0,0.0,0.025
159,0.429,0.429,0,0,1,0,0.571,0.357,0.714,0.5,0.0,0.4,0.8,1,0.5,0.0,0,0.6,0.025
160,0.571,1.0,1,0,0,0,0.0,0.0,0.0,0.0,0.0,0.2,0.2,0,0.667,0.857,1,0.0,0.0
161,0.571,0.929,1,0,0,0,0.0,0.0,0.0,0.0,0.0,0.4,0.2,0,0.833,0.857,1,0.0,0.0
162,0.5,0.571,1,0,0,0,0.0,0.0,0.0,0.0,0.0,0.2,0.4,0,0.0,0.857,1,0.0,0.0
163,0.5,0.714,1,0,0,0,0.0,0.0,0.0,0.0,0.0,0.2,0.2,0,0.167,0.923,1,0.0,-0.01
164,0.643,0.143,1,0,0,0,0.0,0.0,0.0,0.0,0.0,0.2,0.2,0,0.333,0.8,1,0.0,-0.02
165,0.214,0.786,1,0,0,0,0.0,0.0,0.0,0.0,0.0,0.2,0.2,0,0.5,0.667,1,0.0,0.0
166,1.0,0.214,1,0,0,0,0.0,0.0,0.0,0.0,0.0,0.2,0.2,0,0.667,0.667,0,0.667,-0.02
167,1.0,0.214,1,0,0,0,0.0,0.0,0.0,0.0,0.0,0.2,0.2,0,0.667,0.545,1,-0.182,-0.02
168,0.5,0.5,1,0,0,0,0.0,0.0,0.0,0.0,0.0,0.2,0.2,0,0.833,0.667,0,1.333,-0.14
169,0.5,0.5,0,1,0,0,0.143,0.214,0.929,0.0,0.0,0.4,0.4,0,0.833,0.0,0,0.714,-0.14
170,0.5,0.5,0,0,1,0,0.143,0.214,0.929,0.786,0.0,0.4,0.4,0,0.833,0.0,0,0.0,-0.14
171,0.5,0.5,0,0,0,1,0.143,0.214,0.929,0.786,1.0,0.4,0.6,0,0.833,0.0,0,0.412,-0.14
172,0.643,0.5,1,0,0,0,0.0,0.0,0.0,0.0,0.0,0.2,0.2,0,0.0,0.857,1,0.0,0.0
173,0.857,0.571,1,0,0,0,0.0,0.0,0.0,0.0,0.0,0.2,0.2,0,0.167,0.857,1,0.0,-0.01
174,0.214,0.429,1,0,0,0,0.0,0.0,0.0,0.0,0.0,0.2,0.2,0,0.333,0.5,0,0.25,-0.08
175,0.214,0.429,0,1,0,0,0.5,0.929,0.286,0.0,0.0,0.4,0.4,1,0.333,0.0,0,0.0,-0.08
176,0.214,0.429,0,1,0,0,0.5,0.929,0.286,0.0,0.0,0.4,0.4,1,0.333,0.222,0,0.222,-0.08
177,0.214,0.429,0,0,1,0,0.5,0.929,0.286,0.643,0.0,0.6,0.4,1,0.333,0.0,0,0.0,-0.08
178,0.214,0.429,0,0,0,1,0.5,0.929,0.286,0.643,1.0,0.6,0.4,1,0.333,0.0,0,0.0,-0.08
179,0.786,0.429,1,0,0,0,0.0,0.0,0.0,0.0,0.0,0.2,0.2,0,0.5,0.667,1,0.0,0.0
180,0.643,0.286,1,0,0,0,0.0,0.0,0.0,0.0,0.0,0.4,0.2,0,0.667,0.857,1,0.0,0.0
181,0.857,0.286,1,0,0,0,0.0,0.0,0.0,0.0,0.0,0.4,0.2,0,0.833,0.667,1,0.0,0.0
182,0.786,0.643,1,0,0,0,0.0,0.0,0.0,0.0,0.0,0.2,0.2,0,0.0,0.4,0,0.8,-0.08
183,0.786,0.643,0,1,0,0,0.714,0.857,0.214,0.0,0.0,0.6,0.8,0,0.0,0.0,0,0.667,-0.08
184,0.786,0.643,0,0,1,0,0.714,0.857,0.214,0.286,0.0,0.6,0.8,0,0.0,0.0,0,0.0,-0.08
185,0.786,0.643,0,0,0,1,0.714,0.857,0.214,0.286,0.286,0.6,0.8,0,0.0,0.462,1,0.0,-0.08
186,0.929,0.429,1,0,0,0,0.0,0.0,0.0,0.0,0.0,0.2,0.2,0,0.167,0.667,0,1.333,-0.09
187,0.929,0.429,0,1,0,0,1.0,0.929,0.5,0.0,0.0,0.4,0.4,0,0.167,0.0,0,0.0,-0.09
188,0.929,0.429,0,1,0,0,1.0,0.929,0.5,0.0,0.0,0.4,0.4,0,0.167,0.364,0,0.909,-0.09
189,0.929,0.429,0,0,1,0,1.0,0.929,0.5,0.143,0.0,0.4,0.4,0,0.167,0.0,0,0.0,-0.09
190,0.929,0.429,0,0,0,1,1.0,0.929,0.5,0.143,0.571,0.6,0.6,0,0.167,0.0,0,0.0,-0.09
191,0.929,0.643,1,0,0,0,0.0,0.0,0.0,0.0,0.0,0.2,0.2,0,0.333,0.833,0,0.5,-0.09
192,0.929,0.643,0,1,0,0,0.857,0.286,0.786,0.0,0.0,0.6,0.6,1,0.333,0.308,0,0.308,-0.09
193,0.929,0.643,0,0,1,0,0.857,0.286,0.786,0.857,0.0,0.6,0.6,1,0.333,0.452,1,0.0,-0.09
194,0.357,0.714,1,0,0,0,0.0,0.0,0.0,0.0,0.0,0.4,0.2,0,0.667,0.667,1,0.0,0.0
195,0.643,0.571,1,0,0,0,0.0,0.0,0.0,0.0,0.0,0.4,0.4,0,0.833,0.667,0,1.333,-0.02
196,0.429,0.857,1,0,0,0,0.0,0.0,0.0,0.0,0.0,0.4,0.2,0,0.0,0.941,1,0.0,0.0
197,0.643,0.786,1,0,0,0,0.0,0.0,0.0,0.0,0.0,0.4,0.2,0,0.167,0.833,0,0.667,0.19
198,0.643,0.786,0,1,0,0,0.429,0.786,0.357,0.0,0.0,0.6,0.4,0,0.167,0.0,0,0.0,0.19
199,0.643,0.786,0,1,0,0,0.429,0.786,0.357,0.0,0.0,0.6,0.4,0,0.167,0.286,0,0.286,0.19
200,0.643,0.786,0,0,1,0,0.429,0.786,0.357,0.786,0.0,0.6,0.4,0,0.167,0.0,0,0.0,0.19
201,0.643,0.786,0,0,0,1,0.429,0.786,0.357,0.786,0.143,0.6,0.4,0,0.167,0.0,0,0.0,0.19
202,0.643,0.786,0,0,0,1,0.429,0.786,0.357,0.786,0.143,0.6,0.4,0,0.167,0.357,0,0.857,0.19
203,0.929,1.0,1,0,0,0,0.0,0.0,0.0,0.0,0.0,0.2,0.4,0,0.333,0.462,0,0.769,-0.38
204,0.929,1.0,0,1,0,0,0.929,0.786,0.714,0.0,0.0,0.4,0.4,1,0.333,0.0,0,0.0,-0.38
205,0.929,1.0,0,0,1,0,0.929,0.786,0.714,0.286,0.0,0.6,0.4,1,0.333,0.0,0,0.64,-0.38
206,0.929,1.0,0,0,1,0,0.929,0.786,0.714,0.286,0.0,0.6,0.4,1,0.333,0.281,0,0.0,-0.38
207,0.929,1.0,0,0,0,1,0.929,0.786,0.714,0.286,0.143,0.6,0.4,1,0.333,0.0,0,0.0,-0.38
208,0.929,1.0,0,0,0,1,0.929,0.786,0.714,0.286,0.143,0.6,0.4,1,0.333,0.784,1,0.0,-0.38
209,0.786,0.214,1,0,0,0,0.0,0.0,0.0,0.0,0.0,0.4,0.2,0,0.5,0.667,1,0.0,0.0
210,0.786,0.857,1,0,0,0,0.0,0.0,0.0,0.0,0.0,0.2,0.4,0,0.667,0.4,0,0.8,0.05
211,0.786,0.857,0,1,0,0,0.429,0.143,0.714,0.0,0.0,0.4,0.6,0,0.667,0.0,0,0.4,0.05
212,0.643,0.429,1,0,0,0,0.0,0.0,0.0,0.0,0.0,0.2,0.2,0,0.833,0.8,1,0.0,0.0
213,0.214,0.286,1,0,0,0,0.0,0.0,0.0,0.0,0.0,0.2,0.4,0,0.0,0.444,1,0.0,0.0
214,0.214,1.0,1,0,0,0,0.0,0.0,0.0,0.0,0.0,0.2,0.2,0,0.167,0.8,0,0.6,0.06
215,0.214,1.0,0,1,0,0,0.571,0.929,0.286,0.0,0.0,0.6,0.4,0,0.167,0.0,0,0.0,0.06
216,0.214,1.0,0,0,1,0,0.571,0.929,0.286,0.143,0.0,0.8,0.8,0,0.167,0.0,0,0.6,0.06
217,0.286,0.643,1,0,0,0,0.0,0.0,0.0,0.0,0.0,0.2,0.2,0,0.333,0.333,0,0.0,0.03
218,0.286,0.643,0,1,0,0,0.786,0.643,0.143,0.0,0.0,0.6,0.2,0,0.333,0.0,0,0.5,0.03
219,0.143,0.857,1,0,0,0,0.0,0.0,0.0,0.0,0.0,0.2,0.2,0,0.5,0.667,1,0.0,0.0
220,0.786,0.143,1,0,0,0,0.0,0.0,0.0,0.0,0.0,0.4,0.2,0,0.667,0.667,1,0.0,0.0
221,0.714,0.714,1,0,0,0,0.0,0.0,0.0,0.0,0.0,0.2,0.2,0,0.833,0.4,0,1.2,-0.12
222,0.714,0.714,0,1,0,0,0.429,0.214,1.0,0.0,0.0,0.4,0.2,0,0.833,0.0,0,0.615,-0.12
223,0.714,0.714,0,0,1,0,0.429,0.214,1.0,0.929,0.0,0.4,0.4,0,0.833,0.0,0,0.0,-0.12
224,0.714,0.714,0,0,0,1,0.429,0.214,1.0,0.929,0.5,0.4,0.4,0,0.833,0.0,0,0.0,-0.12
225,0.286,0.5,1,0,0,0,0.0,0.0,0.0,0.0,0.0,0.2,0.2,0,0.0,0.4,0,0.4,-0.02
226,0.286,0.5,0,1,0,0,0.786,1.0,0.357,0.0,0.0,0.4,0.4,0,0.0,0.333,1,0.0,-0.02
227,0.5,0.714,1,0,0,0,0.0,0.0,0.0,0.0,0.0,0.4,0.2,0,0.167,0.833,0,0.667,-0.05
228,0.5,0.714,0,1,0,0,0.857,0.929,1.0,0.0,0.0,0.6,0.6,1,0.167,0.0,0,0.0,-0.05
229,0.5,0.714,0,1,0,0,0.857,0.929,1.0,0.0,0.0,0.6,0.6,1,0.167,0.435,1,0.0,-0.05
230,0.286,0.643,1,0,0,0,0.0,0.0,0.0,0.0,0.0,0.4,0.2,0,0.333,0.947,1,0.0,-0.02
231,1.0,0.286,1,0,0,0,0.0,0.0,0.0,0.0,0.0,0.2,0.2,0,0.5,0.667,0,0.667,0.025
232,1.0,0.286,0,1,0,0,0.214,0.429,0.929,0.0,0.0,0.4,0.4,0,0.5,0.0,0,0.0,0.025
233,1.0,0.286,0,0,1,0,0.214,0.429,0.929,0.5,0.0,0.4,0.4,1,0.5,0.0,0,0.6,0.025
234,0.214,0.643,1,0,0,0,0.0,0.0,0.0,0.0,0.0,0.2,0.2,0,0.667,0.4,1,0.0,0.0
235,0.929,0.214,1,0,0,0,0.0,0.0,0.0,0.0,0.0,0.2,0.2,0,0.833,0.667,1,0.0,0.0
236,0.429,0.643,1,0,0,0,0.0,0.0,0.0,0.0,0.0,0.2,0.2,0,0.0,0.667,0,1.333,-0.02
237,0.429,0.643,1,0,0,0,0.0,0.0,0.0,0.0,0.0,0.2,0.2,0,0.0,0.692,1,-0.154,-0.02
238,0.929,0.571,1,0,0,0,0.0,0.0,0.0,0.0,0.0,0.2,0.2,0,0.167,0.455,1,0.0,-0.01
239,0.857,0.5,1,0,0,0,0.0,0.0,0.0,0.0,0.0,0.2,0.2,0,0.333,0.5,0,0.3,-0.05
240,0.857,0.5,0,1,0,0,0.143,0.143,0.429,0.0,0.0,0.4,0.4,0,0.333,0.0,0,0.0,-0.05
241,0.857,0.5,0,0,1,0,0.143,0.143,0.429,0.786,0.0,0.4,0.4,0,0.333,0.0,0,0.0,-0.05
242,0.857,0.5,0,0,1,0,0.143,0.143,0.429,0.786,0.0,0.4,0.4,0,0.333,0.409,1,0.0,-0.05
243,0.143,0.5,1,0,0,0,0.0,0.0,0.0,0.0,0.0,0.2,0.2,0,0.5,0.667,1,0.0,0.0
244,0.643,0.143,1,0,0,0,0.0,0.0,0.0,0.0,0.0,0.4,0.2,0,0.667,0.4,1,0.0,0.0
245,0.357,0.143,1,0,0,0,0.0,0.0,0.0,0.0,0.0,0.2,0.2,0,0.833,0.667,1,0.0,0.0
246,0.357,0.929,1,0,0,0,0.0,0.0,0.0,0.0,0.0,0.4,0.2,0,0.0,0.333,0,0.333,0.09
247,0.357,0.929,0,1,0,0,0.929,0.714,0.286,0.0,0.0,0.6,0.4,0,0.0,0.0,0,0.556,0.09
248,0.357,0.929,0,0,1,0,0.929,0.714,0.286,0.214,0.0,0.6,0.6,0,0.0,0.0,0,0.0,0.09
249,0.357,0.929,0,0,0,1,0.929,0.714,0.286,0.214,0.5,0.6,0.6,1,0.0,0.0,0,0.526,0.09
250,0.786,0.286,1,0,0,0,0.0,0.0,0.0,0.0,0.0,0.2,0.2,0,0.333,0.667,1,0.0,-0.01
251,0.357,0.929,1,0,0,0,0.0,0.0,0.0,0.0,0.0,0.2,0.2,0,0.5,0.667,1,0.0,0.0
252,0.5,0.5,1,0,0,0,0.0,0.0,0.0,0.0,0.0,0.2,0.2,0,0.667,0.667,0,1.333,-0.1999999999999999
253,0.5,0.5,0,1,0,0,0.643,0.429,0.643,0.0,0.0,0.6,0.4,0,0.667,0.0,0,0.6,-0.1999999999999999
254,0.5,0.5,0,0,1,0,0.643,0.429,0.643,0.214,0.0,0.6,0.4,0,0.667,0.0,0,0.545,-0.1999999999999999
255,0.5,0.5,0,0,0,1,0.643,0.429,0.643,0.214,0.429,0.6,0.4,0,0.667,0.0,0,0.0,-0.1999999999999999
256,0.357,0.357,1,0,0,0,0.0,0.0,0.0,0.0,0.0,0.2,0.2,0,0.833,0.8,0,0.8,-0.04
257,0.357,0.357,1,0,0,0,0.0,0.0,0.0,0.0,0.0,0.2,0.2,0,0.833,0.7,1,-0.133,-0.04
258,0.143,0.571,1,0,0,0,0.0,0.0,0.0,0.0,0.0,0.4,0.2,0,0.0,0.455,1,0.0,0.0
259,0.429,0.571,1,0,0,0,0.0,0.0,0.0,0.0,0.0,0.4,0.2,0,0.167,0.8,1,0.0,-0.01
260,0.786,0.857,1,0,0,0,0.0,0.0,0.0,0.0,0.0,0.2,0.4,0,0.333,0.857,0,0.571,0.13
261,0.786,0.857,0,1,0,0,0.714,0.5,0.857,0.0,0.0,0.6,0.6,0,0.333,0.0,0,0.0,0.13
262,0.786,0.857,0,0,1,0,0.714,0.5,0.857,0.643,0.0,0.6,0.8,1,0.333,0.0,0,0.636,0.13
263,0.786,0.857,0,0,0,1,0.714,0.5,0.857,0.643,0.5,0.6,0.8,1,0.333,0.0,0,0.36,0.13
264,0.143,0.643,1,0,0,0,0.0,0.0,0.0,0.0,0.0,0.2,0.2,0,0.667,0.667,1,0.0,0.0
265,0.286,0.929,1,0,0,0,0.0,0.0,0.0,0.0,0.0,0.4,0.2,0,0.833,0.4,1,0.0,0.0
266,0.643,0.143,1,0,0,0,0.0,0.0,0.0,0.0,0.0,0.2,0.2,0,0.0,0.4,1,0.0,0.0
267,0.143,0.5,1,0,0,0,0.0,0.0,0.0,0.0,0.0,0.2,0.2,0,0.333,0.455,0,10.364,1.615
268,0.786,0.5,1,0,0,0,0.0,0.0,0.0,0.0,0.0,0.2,0.2,0,0.5,0.857,0,0.571,-0.47
269,0.786,0.5,0,1,0,0,0.571,0.5,0.786,0.0,0.0,0.4,0.4,0,0.5,0.0,0,0.0,-0.47
270,0.786,0.5,0,0,1,0,0.571,0.5,0.786,0.714,0.0,0.6,0.4,1,0.5,0.0,0,0.636,-0.47
271,0.786,0.5,0,0,1,0,0.571,0.5,0.786,0.714,0.0,0.6,0.4,1,0.5,0.379,0,0.138,-0.47
272,0.786,0.5,0,0,0,1,0.571,0.5,0.786,0.714,0.929,0.6,0.4,1,0.5,0.0,0,0.0,-0.47
273,0.786,0.5,0,0,0,1,0.571,0.5,0.786,0.714,0.929,0.6,0.4,1,0.5,0.365,0,0.365,-0.47
274,0.929,0.357,1,0,0,0,0.0,0.0,0.0,0.0,0.0,0.2,0.2,0,0.667,0.667,1,0.0,0.0
275,0.571,0.929,1,0,0,0,0.0,0.0,0.0,0.0,0.0,0.2,0.2,0,0.833,0.667,1,0.0,0.0
276,0.857,0.429,1,0,0,0,0.0,0.0,0.0,0.0,0.0,0.2,0.2,0,0.0,0.857,1,0.0,0.0
277,0.143,0.929,1,0,0,0,0.0,0.0,0.0,0.0,0.0,0.2,0.2,0,0.167,0.667,1,0.0,-0.01
278,0.786,1.0,1,0,0,0,0.0,0.0,0.0,0.0,0.0,0.2,0.2,0,0.333,0.5,0,0.0,0.02
279,0.786,1.0,0,1,0,0,0.357,1.0,0.786,0.0,0.0,0.4,0.2,0,0.333,0.0,0,0.0,0.02
280,0.786,1.0,0,0,1,0,0.357,1.0,0.786,0.143,0.0,0.4,0.4,0,0.333,0.0,0,0.0,0.02
281,0.786,1.0,0,0,0,1,0.357,1.0,0.786,0.143,0.929,0.4,0.4,0,0.333,0.0,0,1.0,0.02
282,0.214,0.857,1,0,0,0,0.0,0.0,0.0,0.0,0.0,0.2,0.2,0,0.667,0.667,1,0.0,0.0
283,0.929,0.857,1,0,0,0,0.0,0.0,0.0,0.0,0.0,0.2,0.4,0,0.833,0.667,0,1.333,-0.02
284,0.5,0.286,1,0,0,0,0.0,0.0,0.0,0.0,0.0,0.2,0.2,0,0.0,0.833,1,0.0,0.0
285,0.857,0.786,1,0,0,0,0.0,0.0,0.0,0.0,0.0,0.4,0.4,0,0.167,0.857,0,0.714,0.07
286,0.857,0.786,0,1,0,0,0.143,0.286,0.571,0.0,0.0,0.4,0.4,0,0.167,0.0,0,0.0,0.07
287,0.857,0.786,0,0,1,0,0.143,0.286,0.571,0.429,0.0,0.4,0.4,0,0.167,0.0,0,0.583,0.07
288,0.429,0.786,1,0,0,0,0.0,0.0,0.0,0.0,0.0,0.2,0.2,0,0.333,0.312,0,0.188,-0.05
289,0.429,0.786,0,1,0,0,0.571,1.0,0.286,0.0,0.0,0.4,0.2,0,0.333,0.0,0,0.0,-0.05
290,0.429,0.786,0,1,0,0,0.571,1.0,0.286,0.0,0.0,0.4,0.2,0,0.333,0.314,1,0.0,-0.05
291,0.429,0.929,1,0,0,0,0.0,0.0,0.0,0.0,0.0,0.2,0.2,0,0.5,0.667,1,0.0,0.0
292,0.714,0.5,1,0,0,0,0.0,0.0,0.0,0.0,0.0,0.4,0.2,0,0.667,0.667,0,0.667,-0.02
293,0.714,0.5,1,0,0,0,0.0,0.0,0.0,0.0,0.0,0.4,0.2,0,0.667,0.667,1,-0.133,-0.02
294,0.286,0.857,1,0,0,0,0.0,0.0,0.0,0.0,0.0,0.2,0.2,0,0.833,0.857,1,0.0,0.0
295,0.714,0.357,1,0,0,0,0.0,0.0,0.0,0.0,0.0,0.2,0.2,0,0.0,0.667,0,1.333,-0.02
296,0.714,0.357,0,1,0,0,0.571,1.0,0.714,0.0,0.0,0.4,0.2,0,0.0,0.0,0,0.0,-0.02
297,0.714,0.357,0,0,1,0,0.571,1.0,0.714,0.214,0.0,0.4,0.2,0,0.0,0.0,0,0.0,-0.02
298,0.714,0.357,0,0,0,1,0.571,1.0,0.714,0.214,0.286,0.4,0.6,1,0.0,0.0,0,0.0,-0.02
299,0.857,0.357,1,0,0,0,0.0,0.0,0.0,0.0,0.0,0.4,0.2,0,0.167,0.667,0,1.333,-0.03
300,0.429,0.143,1,0,0,0,0.0,0.0,0.0,0.0,0.0,0.4,0.2,0,0.333,0.5,0,0.3,-0.13
301,0.429,0.143,0,1,0,0,0.929,0.857,0.286,0.0,0.0,0.6,0.4,0,0.333,0.0,0,0.0,-0.13
302,0.429,0.143,0,0,1,0,0.929,0.857,0.286,0.714,0.0,0.6,0.4,0,0.333,0.0,0,0.615,-0.13
303,0.429,0.143,0,0,0,1,0.929,0.857,0.286,0.714,0.429,0.6,0.4,0,0.333,0.0,0,0.0,-0.13
304,0.214,0.714,1,0,0,0,0.0,0.0,0.0,0.0,0.0,0.2,0.2,0,0.5,0.667,1,0.0,0.0
305,0.429,0.571,1,0,0,0,0.0,0.0,0.0,0.0,0.0,0.2,0.2,0,0.667,0.667,1,0.0,0.0
306,0.857,0.929,1,0,0,0,0.0,0.0,0.0,0.0,0.0,0.2,0.4,0,0.0,0.667,0,2.0,-0.8099999999999999
307,0.857,0.929,1,0,0,0,0.0,0.0,0.0,0.0,0.0,0.2,0.4,0,0.0,0.72,0,0.48,-0.8099999999999999
308,0.857,0.929,0,1,0,0,0.357,0.429,0.786,0.0,0.0,0.4,0.6,0,0.0,0.0,0,0.0,-0.8099999999999999
309,0.857,0.929,0,0,1,0,0.357,0.429,0.786,0.5,0.0,0.6,0.6,0,0.0,0.0,0,0.395,-0.8099999999999999
310,0.857,0.929,0,0,0,1,0.357,0.429,0.786,0.5,0.5,0.6,0.6,0,0.0,0.0,0,0.545,-0.8099999999999999
311,1.0,0.714,1,0,0,0,0.0,0.0,0.0,0.0,0.0,0.4,0.2,0,0.167,0.667,0,1.333,-0.03
312,0.357,0.429,1,0,0,0,0.0,0.0,0.0,0.0,0.0,0.4,0.4,0,0.333,0.833,0,0.5,0.12
313,0.357,0.429,0,1,0,0,0.929,0.929,0.786,0.0,0.0,0.6,0.4,0,0.333,0.0,0,0.0,0.12
314,0.357,0.429,0,1,0,0,0.929,0.929,0.786,0.0,0.0,0.6,0.4,0,0.333,0.438,0,0.438,0.12
315,0.357,0.429,0,0,1,0,0.929,0.929,0.786,0.286,0.0,0.6,0.6,0,0.333,0.0,0,0.0,0.12
316,0.357,0.429,0,0,0,1,0.929,0.929,0.786,0.286,1.0,0.8,0.6,0,0.333,0.0,0,0.565,0.12
317,0.357,0.857,1,0,0,0,0.0,0.0,0.0,0.0,0.0,0.2,0.2,0,0.5,0.667,1,0.0,0.0
318,0.357,0.571,1,0,0,0,0.0,0.0,0.0,0.0,0.0,0.2,0.2,0,0.667,0.667,1,0.0,0.0
319,0.929,0.643,1,0,0,0,0.0,0.0,0.0,0.0,0.0,0.2,0.2,0,0.833,0.667,0,1.333,-0.02
320,0.929,0.643,1,0,0,0,0.0,0.0,0.0,0.0,0.0,0.2,0.2,0,0.833,0.615,1,-0.308,-0.02
321,0.571,0.857,1,0,0,0,0.0,0.0,0.0,0.0,0.0,0.4,0.2,0,0.0,0.667,0,1.333,-0.02
322,0.643,0.571,1,0,0,0,0.0,0.0,0.0,0.0,0.0,0.2,0.4,0,0.167,0.462,1,0.0,-0.01
323,0.643,0.714,1,0,0,0,0.0,0.0,0.0,0.0,0.0,0.2,0.4,0,0.333,0.947,1,0.0,-0.02
324,0.5,0.714,1,0,0,0,0.0,0.0,0.0,0.0,0.0,0.2,0.2,0,0.5,0.667,1,0.0,0.0
325,0.643,0.5,1,0,0,0,0.0,0.0,0.0,0.0,0.0,0.4,0.2,0,0.667,0.857,1,0.0,0.0
326,0.786,0.143,1,0,0,0,0.0,0.0,0.0,0.0,0.0,0.4,0.2,0,0.833,0.667,1,0.0,0.0
327,0.286,0.786,1,0,0,0,0.0,0.0,0.0,0.0,0.0,0.4,0.2,0,0.0,0.667,0,1.333,0.06
328,0.286,0.786,0,1,0,0,0.571,0.143,0.857,0.0,0.0,0.6,0.4,0,0.0,0.0,0,0.0,0.06
329,0.286,0.786,0,0,1,0,0.571,0.143,0.857,0.214,0.0,0.6,0.6,0,0.0,0.0,0,0.6,0.06
330,1.0,0.571,1,0,0,0,0.0,0.0,0.0,0.0,0.0,0.2,0.2,0,0.167,0.667,0,1.333,-0.03
331,0.5,0.5,1,0,0,0,0.0,0.0,0.0,0.0,0.0,0.2,0.2,0,0.333,0.462,0,0.769,0.31
332,0.5,0.5,0,1,0,0,0.143,0.5,0.143,0.0,0.0,0.4,0.2,0,0.333,0.0,0,0.0,0.31
333,0.5,0.5,0,1,0,0,0.143,0.5,0.143,0.0,0.0,0.4,0.2,0,0.333,0.419,0,0.837,0.31
334,0.5,0.929,1,0,0,0,0.0,0.0,0.0,0.0,0.0,0.2,0.2,0,0.5,0.667,1,0.0,0.0
335,0.286,0.214,1,0,0,0,0.0,0.0,0.0,0.0,0.0,0.2,0.4,0,0.667,0.667,1,0.0,0.0
336,0.429,0.714,1,0,0,0,0.0,0.0,0.0,0.0,0.0,0.2,0.2,0,0.833,0.667,1,0.0,0.0
337,0.714,0.143,1,0,0,0,0.0,0.0,0.0,0.0,0.0,0.4,0.2,0,0.0,0.667,0,1.333,-0.02
338,0.214,0.429,1,0,0,0,0.0,0.0,0.0,0.0,0.0,0.4,0.2,0,0.167,0.857,1,0.0,-0.01
339,0.929,0.786,1,0,0,0,0.0,0.0,0.0,0.0,0.0,0.2,0.2,0,0.333,0.333,0,0.167,-0.16
340,0.929,0.786,1,0,0,0,0.0,0.0,0.0,0.0,0.0,0.2,0.2,0,0.333,0.385,0,0.846,-0.16
341,0.929,0.786,1,0,0,0,0.0,0.0,0.0,0.0,0.0,0.2,0.2,0,0.333,0.741,1,-0.1,-0.16
342,0.714,0.143,1,0,0,0,0.0,0.0,0.0,0.0,0.0,0.2,0.2,0,0.5,0.667,1,0.0,0.0
343,0.286,0.357,1,0,0,0,0.0,0.0,0.0,0.0,0.0,0.2,0.4,0,0.667,0.667,1,0.0,0.0
344,0.429,0.143,1,0,0,0,0.0,0.0,0.0,0.0,0.0,0.2,0.2,0,0.833,0.833,1,0.0,0.0
345,0.5,0.357,1,0,0,0,0.0,0.0,0.0,0.0,0.0,0.2,0.2,0,0.0,0.8,1,0.0,0.0
346,0.357,0.357,1,0,0,0,0.0,0.0,0.0,0.0,0.0,0.2,0.2,0,0.167,0.833,0,0.667,-0.05
347,0.357,0.357,0,1,0,0,1.0,0.286,0.929,0.0,0.0,0.4,0.4,0,0.167,0.0,0,0.0,-0.05
348,0.357,0.357,0,1,0,0,1.0,0.286,0.929,0.0,0.0,0.4,0.4,0,0.167,0.35,1,0.0,-0.05
349,1.0,0.786,1,0,0,0,0.0,0.0,0.0,0.0,0.0,0.4,0.2,0,0.333,0.857,0,1.429,0.1
350,1.0,0.786,0,1,0,0,0.643,0.214,0.429,0.0,0.0,0.6,0.2,0,0.333,0.0,0,0.467,0.1
351,0.929,0.571,1,0,0,0,0.0,0.0,0.0,0.0,0.0,0.2,0.2,0,0.5,0.667,1,0.0,0.0
352,0.786,0.286,1,0,0,0,0.0,0.0,0.0,0.0,0.0,0.4,0.2,0,0.667,0.667,1,0.0,0.0
353,0.929,1.0,1,0,0,0,0.0,0.0,0.0,0.0,0.0,0.2,0.4,0,0.833,0.667,0,2.0,-0.04
354,0.286,0.429,1,0,0,0,0.0,0.0,0.0,0.0,0.0,0.2,0.2,0,0.0,0.667,0,1.333,-0.02
355,0.286,0.286,1,0,0,0,0.0,0.0,0.0,0.0,0.0,0.2,0.2,0,0.167,0.8,0,0.6,-0.04
356,0.286,0.286,0,1,0,0,0.857,0.786,0.143,0.0,0.0,0.4,0.4,0,0.167,0.0,0,0.0,-0.04
357,0.286,0.286,0,1,0,0,0.857,0.786,0.143,0.0,0.0,0.4,0.4,0,0.167,0.429,1,0.0,-0.04
358,1.0,0.5,1,0,0,0,0.0,0.0,0.0,0.0,0.0,0.2,0.2,0,0.333,0.833,0,0.5,0.195
359,1.0,0.5,0,1,0,0,0.786,0.857,1.0,0.0,0.0,0.4,0.4,0,0.333,0.0,0,0.0,0.195
360,1.0,0.5,0,1,0,0,0.786,0.857,1.0,0.0,0.0,0.4,0.4,0,0.333,0.308,0,0.308,0.195
361,1.0,0.5,0,0,1,0,0.786,0.857,1.0,0.429,0.0,0.6,0.4,0,0.333,0.0,0,0.0,0.195
362,1.0,0.5,0,0,1,0,0.786,0.857,1.0,0.429,0.0,0.6,0.4,0,0.333,0.393,0,0.393,0.195
363,1.0,0.5,0,0,0,1,0.786,0.857,1.0,0.429,0.5,0.6,0.4,0,0.333,0.0,0,0.0,0.195
364,0.429,0.929,1,0,0,0,0.0,0.0,0.0,0.0,0.0,0.2,0.2,0,0.0,0.8,1,0.0,0.0
365,0.143,0.643,1,0,0,0,0.0,0.0,0.0,0.0,0.0,0.4,0.2,0,0.167,0.444,1,0.0,-0.01
366,1.0,0.643,1,0,0,0,0.0,0.0,0.0,0.0,0.0,0.4,0.2,0,0.333,0.8,0,0.4,0.045
367,1.0,0.643,0,1,0,0,0.357,0.571,0.214,0.0,0.0,0.4,0.4,0,0.333,0.0,0,0.0,0.045
368,1.0,0.643,0,0,1,0,0.357,0.571,0.214,0.286,0.0,0.6,0.6,1,0.333,0.0,0,0.714,0.045
369,0.429,0.571,1,0,0,0,0.0,0.0,0.0,0.0,0.0,0.4,0.2,0,0.5,0.667,1,0.0,0.0
370,0.5,0.786,1,0,0,0,0.0,0.0,0.0,0.0,0.0,0.2,0.2,0,0.667,0.667,1,0.0,0.0
371,0.857,0.714,1,0,0,0,0.0,0.0,0.0,0.0,0.0,0.2,0.2,0,0.0,0.667,0,1.333,-0.02
372,0.857,0.714,0,1,0,0,0.5,0.286,0.643,0.0,0.0,0.6,0.4,0,0.0,0.556,1,0.0,-0.02
373,0.286,0.143,1,0,0,0,0.0,0.0,0.0,0.0,0.0,0.4,0.2,0,0.167,0.833,1,0.0,-0.01
374,0.214,0.857,1,0,0,0,0.0,0.0,0.0,0.0,0.0,0.2,0.2,0,0.333,0.952,1,0.0,-0.02
375,1.0,0.286,1,0,0,0,0.0,0.0,0.0,0.0,0.0,0.2,0.2,0,0.5,0.667,1,0.0,0.0
376,0.5,0.5,1,0,0,0,0.0,0.0,0.0,0.0,0.0,0.2,0.2,0,0.667,0.667,0,1.333,-0.09
377,0.5,0.5,0,1,0,0,0.214,0.643,0.643,0.0,0.0,0.6,0.2,0,0.667,0.0,0,0.0,-0.09
378,0.5,0.5,0,0,1,0,0.214,0.643,0.643,1.0,0.0,0.6,0.2,0,0.667,0.0,0,0.636,-0.09
379,0.5,0.5,0,0,0,1,0.214,0.643,0.643,1.0,0.571,0.6,0.6,0,0.667,0.0,0,0.0,-0.09
380,0.571,0.357,1,0,0,0,0.0,0.0,0.0,0.0,0.0,0.2,0.2,0,0.833,0.833,1,0.0,0.0
381,0.214,0.357,1,0,0,0,0.0,0.0,0.0,0.0,0.0,0.2,0.2,0,0.0,0.667,0,1.333,-0.02
382,0.429,0.429,1,0,0,0,0.0,0.0,0.0,0.0,0.0,0.2,0.2,0,0.167,0.4,0,0.8,0.05
383,0.429,0.429,0,1,0,0,0.286,0.143,0.929,0.0,0.0,0.4,0.2,0,0.167,0.0,0,0.556,0.05
384,0.429,0.857,1,0,0,0,0.0,0.0,0.0,0.0,0.0,0.2,0.2,0,0.333,0.857,0,0.571,0.13
385,0.429,0.857,0,1,0,0,0.714,0.429,0.357,0.0,0.0,0.4,0.4,0,0.333,0.0,0,0.0,0.13
386,0.429,0.857,0,1,0,0,0.714,0.429,0.357,0.0,0.0,0.4,0.4,0,0.333,0.389,0,0.889,0.13
387,0.929,0.286,1,0,0,0,0.0,0.0,0.0,0.0,0.0,0.2,0.2,0,0.5,0.667,1,0.0,0.0
388,0.143,0.643,1,0,0,0,0.0,0.0,0.0,0.0,0.0,0.2,0.2,0,0.667,0.4,1,0.0,0.0
389,0.429,0.143,1,0,0,0,0.0,0.0,0.0,0.0,0.0,0.2,0.2,0,0.833,0.8,1,0.0,0.0
390,1.0,0.571,1,0,0,0,0.0,0.0,0.0,0.0,0.0,0.4,0.2,0,0.0,0.667,0,1.333,0.045
391,1.0,0.571,0,1,0,0,0.214,0.714,1.0,0.0,0.0,0.6,0.2,0,0.0,0.0,0,0.0,0.045
392,1.0,0.571,0,0,1,0,0.214,0.714,1.0,0.714,0.0,0.6,0.2,0,0.0,0.0,0,0.714,0.045
393,0.571,0.714,1,0,0,0,0.0,0.0,0.0,0.0,0.0,0.4,0.2,0,0.167,0.4,1,0.0,-0.01
394,0.214,0.357,1,0,0,0,0.0,0.0,0.0,0.0,0.0,0.2,0.2,0,0.333,0.4,0,0.0,0.045
395,0.214,0.357,0,1,0,0,0.143,0.214,0.357,0.0,0.0,0.4,0.4,0,0.333,0.0,0,0.0,0.045
396,0.214,0.357,0,1,0,0,0.143,0.214,0.357,0.0,0.0,0.4,0.4,0,0.333,0.286,0,0.286,0.045
397,0.214,0.357,0,0,1,0,0.143,0.214,0.357,0.571,0.0,0.4,0.4,0,0.333,0.0,0,0.0,0.045
398,0.214,0.357,0,0,0,1,0.143,0.214,0.357,0.571,0.571,0.6,0.4,0,0.333,0.0,0,0.333,0.045
399,0.143,1.0,1,0,0,0,0.0,0.0,0.0,0.0,0.0,0.2,0.4,0,0.833,0.667,0,1.333,-0.02
400,0.143,1.0,1,0,0,0,0.0,0.0,0.0,0.0,0.0,0.2,0.4,0,0.833,0.735,1,-0.118,-0.02
401,0.786,0.143,1,0,0,0,0.0,0.0,0.0,0.0,0.0,0.2,0.2,0,0.0,0.667,0,1.333,0.19
402,0.786,0.143,0,1,0,0,0.857,1.0,0.429,0.0,0.0,0.6,0.4,0,0.0,0.0,0,0.625,0.19
403,0.786,0.143,0,0,1,0,0.857,1.0,0.429,1.0,0.0,0.6,0.4,0,0.0,0.0,0,0.556,0.19
404,0.786,0.143,0,0,0,1,0.857,1.0,0.429,1.0,0.857,0.6,0.4,0,0.0,0.0,0,0.0,0.19
405,0.286,0.714,1,0,0,0,0.0,0.0,0.0,0.0,0.0,0.2,0.2,0,0.167,0.667,1,0.0,-0.01
406,0.429,0.571,1,0,0,0,0.0,0.0,0.0,0.0,0.0,0.4,0.2,0,0.333,0.571,0,0.286,-0.04
407,0.429,0.571,0,1,0,0,0.857,0.5,0.714,0.0,0.0,0.4,0.6,1,0.333,0.0,0,0.0,-0.04
408,0.429,0.571,0,0,1,0,0.857,0.5,0.714,0.714,0.0,0.4,0.6,1,0.333,0.0,0,0.0,-0.04
409,0.429,0.571,0,0,0,1,0.857,0.5,0.714,0.714,0.929,0.4,0.6,1,0.333,0.0,0,0.0,-0.04
410,1.0,0.214,1,0,0,0,0.0,0.0,0.0,0.0,0.0,0.2,0.2,0,0.5,0.667,0,0.667,0.025
411,1.0,0.214,0,1,0,0,0.643,0.786,0.357,0.0,0.0,0.6,0.2,0,0.5,0.0,0,0.6,0.025
412,0.429,0.357,1,0,0,0,0.0,0.0,0.0,0.0,0.0,0.4,0.4,0,0.833,0.667,0,1.333,-0.02
413,0.429,0.357,1,0,0,0,0.0,0.0,0.0,0.0,0.0,0.4,0.4,0,0.833,0.737,1,-0.211,-0.02
414,0.214,0.857,1,0,0,0,0.0,0.0,0.0,0.0,0.0,0.2,0.2,0,0.0,0.8,1,0.0,0.0
415,0.143,0.429,1,0,0,0,0.0,0.0,0.0,0.0,0.0,0.2,0.2,0,0.167,0.8,1,0.0,-0.01
416,0.143,0.429,1,0,0,0,0.0,0.0,0.0,0.0,0.0,0.2,0.2,0,0.333,0.444,0,0.222,-0.04
417,0.143,0.429,0,1,0,0,0.571,0.714,0.357,0.0,0.0,0.4,0.4,0,0.333,0.0,0,0.0,-0.04
418,0.143,0.429,0,0,1,0,0.571,0.714,0.357,0.786,0.0,0.4,0.4,0,0.333,0.0,0,0.0,-0.04
419,0.143,0.429,0,0,1,0,0.571,0.714,0.357,0.786,0.0,0.4,0.4,0,0.333,0.476,1,0.0,-0.04
420,0.214,0.286,1,0,0,0,0.0,0.0,0.0,0.0,0.0,0.2,0.4,0,0.5,0.667,1,0.0,0.0
421,0.214,0.286,1,0,0,0,0.0,0.0,0.0,0.0,0.0,0.2,0.4,0,0.667,0.667,1,0.0,0.0
422,0.429,0.929,1,0,0,0,0.0,0.0,0.0,0.0,0.0,0.2,0.2,0,0.833,0.8,1,0.0,0.0
423,0.714,1.0,1,0,0,0,0.0,0.0,0.0,0.0,0.0,0.4,0.2,0,0.0,0.667,0,1.333,-0.02
424,0.429,0.786,1,0,0,0,0.0,0.0,0.0,0.0,0.0,0.2,0.2,0,0.167,0.667,0,1.333,0.295
425,0.429,0.786,0,1,0,0,0.571,0.786,0.857,0.0,0.0,0.6,0.4,0,0.167,0.0,0,0.571,0.295
426,0.429,0.786,0,0,1,0,0.571,0.786,0.857,0.214,0.0,0.6,0.4,0,0.167,0.0,0,0.0,0.295
427,0.429,0.786,0,0,1,0,0.571,0.786,0.857,0.214,0.0,0.6,0.4,0,0.167,0.348,0,0.348,0.295
428,0.429,0.786,0,0,0,1,0.571,0.786,0.857,0.214,0.786,0.6,0.4,0,0.167,0.0,0,0.0,0.295
429,0.429,0.786,0,0,0,1,0.571,0.786,0.857,0.214,0.786,0.6,0.4,0,0.167,0.34,0,1.021,0.295
430,0.786,0.571,1,0,0,0,0.0,0.0,0.0,0.0,0.0,0.4,0.2,0,0.333,0.571,0,0.286,0.065
431,0.786,0.571,0,1,0,0,0.929,0.429,0.286,0.0,0.0,0.8,0.2,0,0.333,0.0,0,0.0,0.065
432,0.786,0.571,0,0,1,0,0.929,0.429,0.286,0.857,0.0,0.8,0.6,0,0.333,0.0,0,0.636,0.065
433,0.643,0.357,1,0,0,0,0.0,0.0,0.0,0.0,0.0,0.2,0.2,0,0.5,0.667,1,0.0,0.0
434,0.857,0.5,1,0,0,0,0.0,0.0,0.0,0.0,0.0,0.2,0.2,0,0.667,0.667,1,0.0,0.0
435,0.357,0.643,1,0,0,0,0.0,0.0,0.0,0.0,0.0,0.2,0.2,0,0.833,0.8,1,0.0,0.0
436,0.429,0.786,1,0,0,0,0.0,0.0,0.0,0.0,0.0,0.2,0.2,0,0.0,0.444,1,0.0,0.0
437,1.0,0.857,1,0,0,0,0.0,0.0,0.0,0.0,0.0,0.2,0.2,0,0.167,0.667,0,1.333,-0.23
438,1.0,0.857,0,1,0,0,0.571,0.929,0.643,0.0,0.0,0.6,0.6,0,0.167,0.0,0,0.0,-0.23
439,1.0,0.857,0,0,1,0,0.571,0.929,0.643,0.857,0.0,0.6,0.6,0,0.167,0.0,0,0.571,-0.23
440,1.0,0.857,0,0,0,1,0.571,0.929,0.643,0.857,0.286,0.6,0.6,0,0.167,0.0,0,0.0,-0.23
441,1.0,0.857,0,0,0,1,0.571,0.929,0.643,0.857,0.286,0.6,0.6,0,0.167,0.516,0,0.516,-0.23
442,0.357,0.929,1,0,0,0,0.0,0.0,0.0,0.0,0.0,0.2,0.2,0,0.333,0.8,0,0.4,0.09
443,0.357,0.929,0,1,0,0,0.929,0.5,0.571,0.0,0.0,0.6,0.4,0,0.333,0.0,0,0.714,0.09
444,0.357,0.929,0,0,1,0,0.929,0.5,0.571,0.857,0.0,0.6,0.4,0,0.333,0.0,0,0.588,0.09
445,0.5,0.571,1,0,0,0,0.0,0.0,0.0,0.0,0.0,0.4,0.4,0,0.5,0.667,1,0.0,0.0
446,0.214,1.0,1,0,0,0,0.0,0.0,0.0,0.0,0.0,0.2,0.2,0,0.667,0.667,0,0.667,0.035
447,0.214,1.0,0,1,0,0,0.143,0.571,0.357,0.0,0.0,0.6,0.6,1,0.667,0.0,0,0.571,0.035
448,0.286,0.714,1,0,0,0,0.0,0.0,0.0,0.0,0.0,0.2,0.2,0,0.833,0.667,1,0.0,0.0
449,0.143,0.429,1,0,0,0,0.0,0.0,0.0,0.0,0.0,0.4,0.2,0,0.0,0.667,0,1.333,-0.02
450,0.429,0.643,1,0,0,0,0.0,0.0,0.0,0.0,0.0,0.4,0.2,0,0.167,0.444,0,0.333,-0.04
451,0.429,0.643,0,1,0,0,1.0,0.857,0.143,0.0,0.0,0.4,0.4,0,0.167,0.0,0,0.0,-0.04
452,0.429,0.643,0,1,0,0,1.0,0.857,0.143,0.0,0.0,0.4,0.4,0,0.167,0.3,1,0.0,-0.04
453,0.214,0.5,1,0,0,0,0.0,0.0,0.0,0.0,0.0,0.4,0.2,0,0.5,0.667,1,0.0,0.0
454,0.286,0.357,1,0,0,0,0.0,0.0,0.0,0.0,0.0,0.2,0.4,0,0.667,0.8,1,0.0,0.0
455,0.571,0.5,1,0,0,0,0.0,0.0,0.0,0.0,0.0,0.4,0.4,0,0.833,0.4,0,0.4,0.47
456,0.571,0.5,1,0,0,0,0.0,0.0,0.0,0.0,0.0,0.4,0.4,0,0.833,0.833,0,0.796,0.47
457,0.786,0.214,1,0,0,0,0.0,0.0,0.0,0.0,0.0,0.2,0.2,0,0.0,0.8,1,0.0,0.0
458,0.929,0.143,1,0,0,0,0.0,0.0,0.0,0.0,0.0,0.2,0.2,0,0.167,0.667,0,1.333,0.08
459,0.929,0.143,0,1,0,0,0.857,0.643,0.5,0.0,0.0,0.8,0.4,0,0.167,0.0,0,0.0,0.08
460,0.929,0.143,0,0,1,0,0.857,0.643,0.5,0.286,0.0,1.0,0.4,0,0.167,0.0,0,0.571,0.08
461,0.929,0.143,0,0,0,1,0.857,0.643,0.5,0.286,0.143,1.2,0.4,0,0.167,0.0,0,0.0,0.08
462,0.857,0.429,1,0,0,0,0.0,0.0,0.0,0.0,0.0,0.2,0.2,0,0.333,0.4,0,0.2,-0.04
463,0.857,0.429,0,1,0,0,1.0,0.214,0.214,0.0,0.0,0.4,0.2,0,0.333,0.0,0,0.0,-0.04
464,0.857,0.429,0,1,0,0,1.0,0.214,0.214,0.0,0.0,0.4,0.2,0,0.333,0.533,1,0.0,-0.04
465,0.857,0.429,1,0,0,0,0.0,0.0,0.0,0.0,0.0,0.2,0.2,0,0.5,0.667,1,0.0,0.0
466,0.571,1.0,1,0,0,0,0.0,0.0,0.0,0.0,0.0,0.2,0.2,0,0.667,0.667,0,1.333,-0.02
467,1.0,0.571,1,0,0,0,0.0,0.0,0.0,0.0,0.0,0.2,0.2,0,0.833,0.667,0,1.333,-0.02
468,0.357,0.857,1,0,0,0,0.0,0.0,0.0,0.0,0.0,0.2,0.2,0,0.0,0.667,1,0.0,0.0
469,0.929,0.786,1,0,0,0,0.0,0.0,0.0,0.0,0.0,0.4,0.2,0,0.167,0.923,0,1.692,0.24
470,0.929,0.786,0,1,0,0,0.571,0.571,0.214,0.0,0.0,0.4,0.2,0,0.167,0.0,0,0.0,0.24
471,0.929,0.786,0,0,1,0,0.571,0.571,0.214,0.714,0.0,0.4,0.4,0,0.167,0.0,0,0.0,0.24
472,0.929,0.786,0,0,0,1,0.571,0.571,0.214,0.714,0.429,0.6,0.4,0,0.167,0.0,0,0.758,0.24
473,0.286,0.357,1,0,0,0,0.0,0.0,0.0,0.0,0.0,0.2,0.4,0,0.333,0.8,0,0.4,0.37
474,0.286,0.357,0,1,0,0,0.786,0.429,0.214,0.0,0.0,0.4,0.8,0,0.333,0.0,0,0.714,0.37
475,0.286,0.357,0,0,1,0,0.786,0.429,0.214,0.714,0.0,0.6,0.8,0,0.333,0.0,0,0.0,0.37
476,0.286,0.357,0,0,1,0,0.786,0.429,0.214,0.714,0.0,0.6,0.8,0,0.333,0.37,0,0.37,0.37
477,0.286,0.357,0,0,0,1,0.786,0.429,0.214,0.714,0.143,0.6,1.0,0,0.333,0.0,0,0.541,0.37
478,0.143,0.5,1,0,0,0,0.0,0.0,0.0,0.0,0.0,0.4,0.2,0,0.5,0.667,1,0.0,0.0
479,0.357,0.143,1,0,0,0,0.0,0.0,0.0,0.0,0.0,0.2,0.2,0,0.667,0.667,1,0.0,0.0
480,0.571,0.643,1,0,0,0,0.0,0.0,0.0,0.0,0.0,0.2,0.4,0,0.833,0.8,1,0.0,0.0
481,0.714,1.0,1,0,0,0,0.0,0.0,0.0,0.0,0.0,0.2,0.2,0,0.0,0.667,0,1.333,0.285
482,0.714,1.0,1,0,0,0,0.0,0.0,0.0,0.0,0.0,0.2,0.2,0,0.0,0.737,0,0.526,0.285
483,0.714,1.0,0,1,0,0,0.5,0.286,1.0,0.0,0.0,0.4,0.2,0,0.0,0.267,0,0.267,0.285
484,0.714,1.0,0,0,1,0,0.5,0.286,1.0,0.5,0.0,0.4,0.2,0,0.0,0.0,0,0.0,0.285
485,0.714,1.0,0,0,0,1,0.5,0.286,1.0,0.5,0.857,0.6,0.2,0,0.0,0.0,0,0.368,0.285
486,0.643,0.571,1,0,0,0,0.0,0.0,0.0,0.0,0.0,0.2,0.4,0,0.167,0.444,1,0.0,-0.01
487,0.429,0.429,1,0,0,0,0.0,0.0,0.0,0.0,0.0,0.2,0.2,0,0.833,0.938,1,0.0,0.0
488,0.786,0.357,1,0,0,0,0.0,0.0,0.0,0.0,0.0,0.2,0.2,0,0.0,0.8,0,0.8,-0.04
489,0.786,0.357,1,0,0,0,0.0,0.0,0.0,0.0,0.0,0.2,0.2,0,0.0,0.64,1,-0.16,-0.04
490,0.286,0.857,1,0,0,0,0.0,0.0,0.0,0.0,0.0,0.4,0.2,0,0.167,0.8,1,0.0,-0.01
491,0.429,0.5,1,0,0,0,0.0,0.0,0.0,0.0,0.0,0.2,0.4,0,0.333,0.857,0,0.571,0.06
492,0.429,0.5,0,1,0,0,0.429,0.571,0.929,0.0,0.0,0.4,0.6,0,0.333,0.0,0,0.545,0.06
493,0.714,0.5,1,0,0,0,0.0,0.0,0.0,0.0,0.0,0.4,0.2,0,0.5,0.667,1,0.0,0.0
494,1.0,0.286,1,0,0,0,0.0,0.0,0.0,0.0,0.0,0.4,0.2,0,0.667,0.667,0,1.333,-0.02
495,1.0,0.286,1,0,0,0,0.0,0.0,0.0,0.0,0.0,0.4,0.2,0,0.667,0.37,1,-0.148,-0.02
496,0.5,0.857,1,0,0,0,0.0,0.0,0.0,0.0,0.0,0.2,0.2,0,0.833,0.667,1,0.0,0.0
497,0.786,0.357,1,0,0,0,0.0,0.0,0.0,0.0,0.0,0.2,0.2,0,0.0,0.667,0,1.333,-0.02
498,0.429,1.0,1,0,0,0,0.0,0.0,0.0,0.0,0.0,0.2,0.2,0,0.333,0.462,1,0.0,-0.01
499,0.143,0.643,1,0,0,0,0.0,0.0,0.0,0.0,0.0,0.2,0.2,0,0.5,0.857,0,0.571,-0.15
500,0.143,0.643,0,1,0,0,0.286,0.286,0.643,0.0,0.0,0.4,0.2,0,0.5,0.0,0,0.0,-0.15
501,0.143,0.643,0,1,0,0,0.286,0.286,0.643,0.0,0.0,0.4,0.2,0,0.5,0.389,0,0.889,-0.15
502,0.143,0.643,0,1,0,0,0.286,0.286,0.643,0.0,0.0,0.4,0.2,0,0.5,0.46,1,-0.32,-0.15
503,0.714,0.143,1,0,0,0,0.0,0.0,0.0,0.0,0.0,0.4,0.2,0,0.667,0.667,1,0.0,0.0
504,0.786,0.357,1,0,0,0,0.0,0.0,0.0,0.0,0.0,0.2,0.2,0,0.833,0.667,1,0.0,0.0
505,0.143,0.571,1,0,0,0,0.0,0.0,0.0,0.0,0.0,0.2,0.2,0,0.0,0.667,0,1.333,0.045
506,0.143,0.571,0,1,0,0,1.0,0.857,0.5,0.0,0.0,0.4,0.4,0,0.0,0.0,0,0.714,0.045
507,0.143,0.786,1,0,0,0,0.0,0.0,0.0,0.0,0.0,0.2,0.2,0,0.167,0.316,1,0.0,-0.01
508,0.143,0.214,1,0,0,0,0.0,0.0,0.0,0.0,0.0,0.2,0.4,0,0.333,0.462,0,0.308,-0.06
509,0.143,0.214,0,1,0,0,0.714,0.5,0.714,0.0,0.0,0.4,0.4,0,0.333,0.0,0,0.0,-0.06
510,0.143,0.214,0,1,0,0,0.714,0.5,0.714,0.0,0.0,0.4,0.4,0,0.333,0.414,1,0.0,-0.06
511,0.429,0.143,1,0,0,0,0.0,0.0,0.0,0.0,0.0,0.2,0.2,0,0.5,0.667,1,0.0,0.0
512,0.643,1.0,1,0,0,0,0.0,0.0,0.0,0.0,0.0,0.2,0.2,0,0.833,0.667,0,1.333,-0.22
513,0.643,1.0,0,1,0,0,0.571,0.857,0.571,0.0,0.0,0.6,0.4,0,0.833,0.0,0,0.714,-0.22
514,0.643,1.0,0,0,1,0,0.571,0.857,0.571,0.5,0.0,0.6,0.6,0,0.833,0.469,0,0.469,-0.22
515,0.643,1.0,0,0,0,1,0.571,0.857,0.571,0.5,0.143,0.6,0.6,0,0.833,0.0,0,0.0,-0.22
516,0.429,0.714,1,0,0,0,0.0,0.0,0.0,0.0,0.0,0.2,0.2,0,0.0,0.667,0,1.333,-0.02
517,0.429,0.714,1,0,0,0,0.0,0.0,0.0,0.0,0.0,0.2,0.2,0,0.0,0.667,1,-0.267,-0.02
518,0.357,0.357,1,0,0,0,0.0,0.0,0.0,0.0,0.0,0.2,0.2,0,0.167,0.8,0,0.6,0.06
519,0.357,0.357,0,1,0,0,0.143,0.929,0.214,0.0,0.0,0.8,0.4,0,0.167,0.0,0,0.0,0.06
520,0.357,0.357,0,0,1,0,0.143,0.929,0.214,0.857,0.0,1.0,0.4,0,0.167,0.0,0,0.6,0.06
521,0.429,0.286,1,0,0,0,0.0,0.0,0.0,0.0,0.0,0.2,0.2,0,0.333,0.947,1,0.0,-0.02
522,0.357,0.214,1,0,0,0,0.0,0.0,0.0,0.0,0.0,0.2,0.2,0,0.5,0.667,0,1.333,-0.07
523,0.357,0.214,0,1,0,0,0.286,0.286,0.143,0.0,0.0,0.4,0.8,0,0.5,0.0,0,0.714,-0.07
524,0.357,0.214,0,0,1,0,0.286,0.286,0.143,0.5,0.0,0.4,0.8,1,0.5,0.0,0,0.0,-0.07
525,0.357,0.214,0,0,0,1,0.286,0.286,0.143,0.5,0.5,0.4,0.8,1,0.5,0.585,1,0.0,-0.07
526,0.786,0.5,1,0,0,0,0.0,0.0,0.0,0.0,0.0,0.2,0.2,0,0.833,0.667,1,0.0,0.0
527,1.0,0.571,1,0,0,0,0.0,0.0,0.0,0.0,0.0,0.2,0.2,0,0.0,0.667,0,1.333,-0.02
528,0.357,0.857,1,0,0,0,0.0,0.0,0.0,0.0,0.0,0.2,0.2,0,0.167,0.444,1,0.0,-0.01
529,0.5,0.286,1,0,0,0,0.0,0.0,0.0,0.0,0.0,0.2,0.2,0,0.333,0.5,1,0.0,-0.02
530,0.929,0.929,1,0,0,0,0.0,0.0,0.0,0.0,0.0,0.2,0.2,0,0.5,0.667,0,1.333,-0.02
531,0.643,0.143,1,0,0,0,0.0,0.0,0.0,0.0,0.0,0.2,0.2,0,0.833,0.667,1,0.0,0.0
532,0.929,0.714,1,0,0,0,0.0,0.0,0.0,0.0,0.0,0.2,0.2,0,0.0,0.667,0,1.333,0.465
533,0.929,0.714,0,1,0,0,0.357,0.286,0.857,0.0,0.0,0.6,0.4,0,0.0,0.0,0,0.714,0.465
534,0.929,0.714,0,0,1,0,0.357,0.286,0.857,0.5,0.0,0.6,0.4,0,0.0,0.0,0,0.588,0.465
535,0.929,0.714,0,0,0,1,0.357,0.286,0.857,0.5,0.857,0.6,0.4,0,0.0,0.448,0,0.448,0.465
536,0.357,0.643,1,0,0,0,0.0,0.0,0.0,0.0,0.0,0.2,0.2,0,0.167,0.667,0,1.333,-0.03
537,0.286,0.571,1,0,0,0,0.0,0.0,0.0,0.0,0.0,0.2,0.2,0,0.333,0.8,0,0.4,-0.19
538,0.286,0.571,0,1,0,0,0.786,0.643,0.786,0.0,0.0,0.4,0.4,0,0.333,0.0,0,0.0,-0.19
539,0.286,0.571,0,0,1,0,0.786,0.643,0.786,0.429,0.0,0.4,0.4,0,0.333,0.0,0,0.714,-0.19
540,0.286,0.571,0,0,0,1,0.786,0.643,0.786,0.429,0.857,0.6,0.4,1,0.333,0.0,0,0.588,-0.19
541,0.286,0.571,0,0,0,1,0.786,0.643,0.786,0.429,0.857,0.6,0.4,1,0.333,0.526,1,-0.175,-0.19
542,0.714,0.643,1,0,0,0,0.0,0.0,0.0,0.0,0.0,0.4,0.4,0,0.5,0.667,0,1.333,-0.02
543,0.714,0.429,1,0,0,0,0.0,0.0,0.0,0.0,0.0,0.2,0.2,0,0.833,0.667,1,0.0,0.0
544,0.714,0.143,1,0,0,0,0.0,0.0,0.0,0.0,0.0,0.4,0.2,0,0.0,0.444,0,0.444,0.15
545,0.714,0.143,0,1,0,0,0.929,0.143,0.643,0.0,0.0,0.4,0.4,0,0.0,0.0,0,0.615,0.15
546,0.714,0.143,0,0,1,0,0.929,0.143,0.643,0.357,0.0,0.4,0.4,0,0.0,0.0,0,0.0,0.15
547,0.714,0.143,0,0,0,1,0.929,0.143,0.643,0.357,0.429,0.6,0.4,0,0.0,0.0,0,0.379,0.15
548,0.429,0.143,1,0,0,0,0.0,0.0,0.0,0.0,0.0,0.2,0.2,0,0.167,0.978,1,0.0,-0.01
549,0.214,0.929,1,0,0,0,0.0,0.0,0.0,0.0,0.0,0.2,0.2,0,0.333,0.947,1,0.0,-0.02
550,0.143,0.857,1,0,0,0,0.0,0.0,0.0,0.0,0.0,0.4,0.2,0,0.5,0.667,1,0.0,0.0
551,0.429,0.214,1,0,0,0,0.0,0.0,0.0,0.0,0.0,0.2,0.2,0,0.667,0.667,1,0.0,0.0
552,1.0,0.643,1,0,0,0,0.0,0.0,0.0,0.0,0.0,0.2,0.2,0,0.833,0.8,0,0.8,-0.09
553,1.0,0.643,0,1,0,0,0.857,0.357,0.929,0.0,0.0,0.4,0.6,0,0.833,0.312,0,0.312,-0.09
554,1.0,0.643,0,0,1,0,0.857,0.357,0.929,0.214,0.0,0.4,0.6,0,0.833,0.3,1,0.0,-0.09
555,0.5,0.429,1,0,0,0,0.0,0.0,0.0,0.0,0.0,0.2,0.4,0,0.0,0.8,1,0.0,0.0
556,0.357,0.857,1,0,0,0,0.0,0.0,0.0,0.0,0.0,0.2,0.2,0,0.167,0.8,1,0.0,-0.01
557,0.786,0.214,1,0,0,0,0.0,0.0,0.0,0.0,0.0,0.2,0.2,0,0.333,0.8,0,0.4,-0.04
558,0.786,0.214,0,1,0,0,0.357,0.429,0.714,0.0,0.0,0.6,0.4,0,0.333,0.0,0,0.0,-0.04
559,0.786,0.214,0,1,0,0,0.357,0.429,0.714,0.0,0.0,0.6,0.4,0,0.333,0.417,1,0.0,-0.04
560,0.929,0.857,1,0,0,0,0.0,0.0,0.0,0.0,0.0,0.2,0.4,0,0.5,0.667,0,1.333,-0.02
561,0.929,0.714,1,0,0,0,0.0,0.0,0.0,0.0,0.0,0.4,0.2,0,0.667,0.667,0,1.333,0.63
562,0.929,0.714,1,0,0,0,0.0,0.0,0.0,0.0,0.0,0.4,0.2,0,0.667,0.5,0,0.1,0.63
563,0.929,0.714,0,1,0,0,0.429,0.643,0.571,0.0,0.0,0.8,0.6,1,0.667,0.4,0,0.4,0.63
564,0.929,0.714,0,0,1,0,0.429,0.643,0.571,1.0,0.0,0.8,0.6,1,0.667,0.364,0,0.364,0.63
565,0.929,0.714,0,0,0,1,0.429,0.643,0.571,1.0,0.857,1.0,0.6,1,0.667,0.0,0,0.36,0.63
566,1.0,0.714,1,0,0,0,0.0,0.0,0.0,0.0,0.0,0.2,0.2,0,0.833,0.667,0,1.333,0.045
567,1.0,0.714,0,1,0,0,0.571,0.357,0.143,0.0,0.0,0.4,0.4,0,0.833,0.0,0,0.714,0.045
568,0.857,0.143,1,0,0,0,0.0,0.0,0.0,0.0,0.0,0.2,0.2,0,0.0,0.667,1,0.0,0.0
569,0.643,0.643,1,0,0,0,0.0,0.0,0.0,0.0,0.0,0.2,0.2,0,0.167,0.8,0,1.8,0.19
570,0.643,0.643,0,1,0,0,0.5,0.571,0.143,0.0,0.0,0.6,0.6,0,0.167,0.0,0,0.667,0.19
571,0.643,0.643,0,0,1,0,0.5,0.571,0.143,0.571,0.0,0.6,0.6,0,0.167,0.0,0,0.4,0.19
572,0.714,0.286,1,0,0,0,0.0,0.0,0.0,0.0,0.0,0.2,0.2,0,0.333,0.8,0,0.4,0.045
573,0.714,0.286,0,1,0,0,1.0,0.357,0.929,0.0,0.0,0.6,0.4,0,0.333,0.0,0,0.0,0.045
574,0.714,0.286,0,0,1,0,1.0,0.357,0.929,0.214,0.0,0.8,0.6,1,0.333,0.0,0,0.714,0.045
575,0.571,0.643,1,0,0,0,0.0,0.0,0.0,0.0,0.0,0.2,0.4,0,0.5,0.667,1,0.0,0.0
576,0.357,0.786,1,0,0,0,0.0,0.0,0.0,0.0,0.0,0.2,0.2,0,0.667,0.8,1,0.0,0.0
577,1.0,0.429,1,0,0,0,0.0,0.0,0.0,0.0,0.0,0.2,0.2,0,0.833,0.833,0,0.833,-0.05
578,1.0,0.429,0,1,0,0,0.929,0.571,0.214,0.0,0.0,0.4,0.4,0,0.833,0.391,1,0.0,-0.05
579,0.857,0.429,1,0,0,0,0.0,0.0,0.0,0.0,0.0,0.2,0.2,0,0.0,0.8,1,0.0,0.0
580,0.5,0.643,1,0,0,0,0.0,0.0,0.0,0.0,0.0,0.2,0.2,0,0.167,0.8,1,0.0,-0.01
581,0.929,0.786,1,0,0,0,0.0,0.0,0.0,0.0,0.0,0.2,0.2,0,0.333,0.444,0,1.222,-0.09
582,0.929,0.786,0,1,0,0,1.0,0.214,0.286,0.0,0.0,0.4,0.4,0,0.333,0.0,0,0.0,-0.09
583,0.929,0.786,0,1,0,0,1.0,0.214,0.286,0.0,0.0,0.4,0.4,0,0.333,0.286,1,0.0,-0.09
584,0.857,0.643,1,0,0,0,0.0,0.0,0.0,0.0,0.0,0.2,0.2,0,0.5,0.667,0,0.667,-0.02
585,0.857,0.643,1,0,0,0,0.0,0.0,0.0,0.0,0.0,0.2,0.2,0,0.5,0.828,1,-0.069,-0.02
586,0.929,0.143,1,0,0,0,0.0,0.0,0.0,0.0,0.0,0.4,0.2,0,0.667,0.667,1,0.0,0.0
587,0.929,0.571,1,0,0,0,0.0,0.0,0.0,0.0,0.0,0.2,0.2,0,0.833,0.667,1,0.0,0.0
588,0.929,0.5,1,0,0,0,0.0,0.0,0.0,0.0,0.0,0.4,0.2,0,0.0,0.444,0,0.444,0.565
589,0.929,0.5,0,1,0,0,0.929,0.714,0.786,0.0,0.0,0.4,0.4,0,0.0,0.0,0,0.562,0.565
590,0.929,0.5,0,0,1,0,0.929,0.714,0.786,0.214,0.0,0.4,0.4,0,0.0,0.0,0,0.529,0.565
591,0.929,0.5,0,0,0,1,0.929,0.714,0.786,0.214,0.214,0.4,0.4,0,0.0,0.0,0,0.343,0.565
592,0.5,0.357,1,0,0,0,0.0,0.0,0.0,0.0,0.0,0.2,0.2,0,0.167,0.8,1,0.0,-0.01
593,0.214,0.643,1,0,0,0,0.0,0.0,0.0,0.0,0.0,0.2,0.2,0,0.333,0.444,0,0.222,-0.11
594,0.214,0.643,0,1,0,0,0.714,0.286,0.643,0.0,0.0,0.4,0.4,0,0.333,0.0,0,0.0,-0.11
595,0.214,0.643,0,0,1,0,0.714,0.286,0.643,0.786,0.0,0.6,0.6,0,0.333,0.0,0,0.636,-0.11
596,0.214,0.643,0,0,1,0,0.714,0.286,0.643,0.786,0.0,0.6,0.6,0,0.333,0.405,1,-0.167,-0.11
597,1.0,0.857,1,0,0,0,0.0,0.0,0.0,0.0,0.0,0.4,0.2,0,0.5,0.667,0,1.333,1.15
598,1.0,0.857,1,0,0,0,0.0,0.0,0.0,0.0,0.0,0.4,0.2,0,0.5,0.824,0,4.118,1.15
599,0.786,0.286,1,0,0,0,0.0,0.0,0.0,0.0,0.0,0.2,0.2,0,0.667,0.667,1,0.0,0.0
600,0.5,0.643,1,0,0,0,0.0,0.0,0.0,0.0,0.0,0.4,0.2,0,0.833,0.667,0,1.333,-0.02
601,0.5,0.643,0,1,0,0,1.0,1.0,0.714,0.0,0.0,0.4,0.4,0,0.833,0.0,0,0.0,-0.02
602,0.5,0.643,0,0,1,0,1.0,1.0,0.714,0.857,0.0,0.6,0.4,0,0.833,0.417,1,0.0,-0.02
603,0.143,0.357,1,0,0,0,0.0,0.0,0.0,0.0,0.0,0.4,0.2,0,0.0,0.8,0,2.0,0.11
604,0.143,0.357,0,1,0,0,0.286,0.714,0.357,0.0,0.0,0.6,0.4,0,0.0,0.0,0,0.706,0.11
605,0.214,0.143,1,0,0,0,0.0,0.0,0.0,0.0,0.0,0.4,0.4,0,0.167,0.444,0,0.333,-0.04
606,0.214,0.143,0,1,0,0,0.429,0.929,0.429,0.0,0.0,0.4,0.4,0,0.167,0.0,0,0.0,-0.04
607,0.214,0.143,0,1,0,0,0.429,0.929,0.429,0.0,0.0,0.4,0.4,0,0.167,0.364,1,0.0,-0.04
608,0.643,0.786,1,0,0,0,0.0,0.0,0.0,0.0,0.0,0.2,0.2,0,0.333,0.929,1,0.0,-0.02
609,0.643,0.286,1,0,0,0,0.0,0.0,0.0,0.0,0.0,0.2,0.2,0,0.5,0.667,1,0.0,0.0
610,0.929,0.429,1,0,0,0,0.0,0.0,0.0,0.0,0.0,0.2,0.2,0,0.667,0.667,1,0.0,0.0
611,0.357,0.143,1,0,0,0,0.0,0.0,0.0,0.0,0.0,0.4,0.2,0,0.833,0.667,1,0.0,0.0
612,0.429,0.786,1,0,0,0,0.0,0.0,0.0,0.0,0.0,0.2,0.2,0,0.0,0.667,0,1.333,0.23
613,0.429,0.786,0,1,0,0,0.714,0.786,0.286,0.0,0.0,0.8,0.4,0,0.0,0.0,0,0.0,0.23
614,0.429,0.786,0,0,1,0,0.714,0.786,0.286,0.929,0.0,0.8,0.4,0,0.0,0.2,0,0.9,0.23
615,0.429,0.786,0,0,0,1,0.714,0.786,0.286,0.929,0.643,1.0,0.6,1,0.0,0.0,0,0.417,0.23
616,0.857,0.143,1,0,0,0,0.0,0.0,0.0,0.0,0.0,0.2,0.2,0,0.167,0.667,1,0.0,-0.01
617,0.571,0.5,1,0,0,0,0.0,0.0,0.0,0.0,0.0,0.4,0.4,0,0.333,0.769,0,0.615,-0.1
618,0.571,0.5,0,1,0,0,0.571,0.714,0.357,0.0,0.0,0.4,0.4,0,0.333,0.0,0,0.0,-0.1
619,0.571,0.5,0,1,0,0,0.571,0.714,0.357,0.0,0.0,0.4,0.4,0,0.333,0.462,1,0.0,-0.1
620,0.5,0.214,1,0,0,0,0.0,0.0,0.0,0.0,0.0,0.2,0.2,0,0.833,0.4,1,0.0,0.0
621,0.643,0.143,1,0,0,0,0.0,0.0,0.0,0.0,0.0,0.2,0.2,0,0.0,0.667,0,1.333,-0.02
622,0.643,0.143,1,0,0,0,0.0,0.0,0.0,0.0,0.0,0.2,0.2,0,0.0,0.545,1,-0.364,-0.02
623,0.357,0.429,1,0,0,0,0.0,0.0,0.0,0.0,0.0,0.4,0.4,0,0.167,0.4,0,0.2,-0.02
624,0.357,0.429,0,1,0,0,0.143,0.714,0.571,0.0,0.0,0.6,0.4,0,0.167,0.0,0,0.0,-0.02
625,0.357,0.429,0,1,0,0,0.143,0.714,0.571,0.0,0.0,0.6,0.4,0,0.167,0.5,1,0.0,-0.02
626,0.571,1.0,1,0,0,0,0.0,0.0,0.0,0.0,0.0,0.2,0.2,0,0.333,0.947,1,0.0,-0.02
627,0.714,0.571,1,0,0,0,0.0,0.0,0.0,0.0,0.0,0.4,0.2,0,0.5,0.667,1,0.0,0.0
628,0.643,0.286,1,0,0,0,0.0,0.0,0.0,0.0,0.0,0.2,0.2,0,0.833,0.4,0,0.0,-0.02
629,0.643,0.286,0,1,0,0,0.571,0.929,0.429,0.0,0.0,0.4,0.4,0,0.833,0.0,0,0.0,-0.02
630,0.643,0.286,0,0,1,0,0.571,0.929,0.429,0.786,0.0,0.6,0.4,0,0.833,0.375,1,0.0,-0.02
631,0.143,0.5,1,0,0,0,0.0,0.0,0.0,0.0,0.0,0.4,0.2,0,0.667,0.667,1,0.0,0.0
632,0.571,0.714,1,0,0,0,0.0,0.0,0.0,0.0,0.0,0.4,0.2,0,0.833,0.667,0,1.333,-0.02
633,0.571,0.714,0,1,0,0,0.786,0.286,0.429,0.0,0.0,0.6,0.4,0,0.833,0.0,0,0.0,-0.02
634,0.571,0.714,0,1,0,0,0.786,0.286,0.429,0.0,0.0,0.6,0.4,0,0.833,0.55,1,0.0,-0.02
635,0.429,0.786,1,0,0,0,0.0,0.0,0.0,0.0,0.0,0.2,0.2,0,0.0,0.667,0,1.333,-0.02
636,0.429,0.786,1,0,0,0,0.0,0.0,0.0,0.0,0.0,0.2,0.2,0,0.0,0.706,1,-0.235,-0.02
637,0.786,0.786,1,0,0,0,0.0,0.0,0.0,0.0,0.0,0.2,0.2,0,0.167,0.667,0,1.333,0.08
638,0.786,0.786,0,1,0,0,0.286,0.429,0.357,0.0,0.0,0.6,0.6,0,0.167,0.0,0,0.571,0.08
639,0.786,0.786,0,0,1,0,0.286,0.429,0.357,0.571,0.0,0.8,0.6,1,0.167,0.0,0,0.533,0.08
640,0.643,0.143,1,0,0,0,0.0,0.0,0.0,0.0,0.0,0.2,0.2,0,0.5,0.667,1,0.0,0.0
641,0.286,0.5,1,0,0,0,0.0,0.0,0.0,0.0,0.0,0.2,0.2,0,0.833,0.996,1,0.0,0.0
642,0.714,0.5,1,0,0,0,0.0,0.0,0.0,0.0,0.0,0.4,0.2,0,0.0,0.571,0,0.571,0.085
643,0.714,0.5,0,1,0,0,0.357,0.857,0.786,0.0,0.0,0.6,0.6,0,0.0,0.0,0,0.6,0.085
644,0.214,0.643,1,0,0,0,0.0,0.0,0.0,0.0,0.0,0.2,0.2,0,0.167,0.4,0,0.2,0.075
645,0.214,0.643,0,1,0,0,0.214,0.286,0.929,0.0,0.0,0.4,0.4,0,0.167,0.0,0,0.0,0.075
646,0.214,0.643,0,0,1,0,0.214,0.286,0.929,0.5,0.0,0.6,0.4,0,0.167,0.0,0,0.5,0.075
647,0.214,0.643,0,0,0,1,0.214,0.286,0.929,0.5,0.214,0.6,0.4,0,0.167,0.0,0,0.0,0.075
648,0.429,0.571,1,0,0,0,0.0,0.0,0.0,0.0,0.0,0.2,0.2,0,0.333,0.389,1,0.0,-0.02
649,0.786,0.857,1,0,0,0,0.0,0.0,0.0,0.0,0.0,0.2,0.4,0,0.5,0.667,0,1.333,-0.02
650,0.786,0.857,1,0,0,0,0.0,0.0,0.0,0.0,0.0,0.2,0.4,0,0.5,0.3,1,-0.2,-0.02
651,0.571,0.786,1,0,0,0,0.0,0.0,0.0,0.0,0.0,0.4,0.2,0,0.667,0.667,0,1.333,0.13
652,0.571,0.786,0,1,0,0,0.786,0.286,0.571,0.0,0.0,0.6,0.2,0,0.667,0.389,0,0.889,0.13
653,0.786,1.0,1,0,0,0,0.0,0.0,0.0,0.0,0.0,0.2,0.2,0,0.833,0.286,0,0.571,-0.18
654,0.786,1.0,0,1,0,0,0.5,1.0,0.286,0.0,0.0,0.4,0.2,0,0.833,0.263,0,0.263,-0.18
655,0.786,1.0,0,0,1,0,0.5,1.0,0.286,0.929,0.0,0.4,0.4,0,0.833,0.25,0,0.531,-0.18
656,0.786,1.0,0,0,1,0,0.5,1.0,0.286,0.929,0.0,0.4,0.4,0,0.833,0.586,1,-0.172,-0.18
657,0.429,0.5,1,0,0,0,0.0,0.0,0.0,0.0,0.0,0.4,0.4,0,0.0,0.4,1,0.0,0.0
658,0.571,0.643,1,0,0,0,0.0,0.0,0.0,0.0,0.0,0.2,0.4,0,0.167,0.667,0,1.333,-0.19
659,0.571,0.643,1,0,0,0,0.0,0.0,0.0,0.0,0.0,0.2,0.4,0,0.167,0.615,0,0.308,-0.19
660,0.571,0.643,0,1,0,0,0.714,0.929,0.714,0.0,0.0,0.6,0.6,0,0.167,0.0,0,0.381,-0.19
661,0.571,0.643,0,0,1,0,0.714,0.929,0.714,0.714,0.0,0.6,0.6,0,0.167,0.0,0,0.0,-0.19
662,0.571,0.643,0,0,1,0,0.714,0.929,0.714,0.714,0.0,0.6,0.6,0,0.167,0.275,1,0.0,-0.19
663,0.571,1.0,1,0,0,0,0.0,0.0,0.0,0.0,0.0,0.2,0.2,0,0.5,0.667,1,0.0,0.0
664,0.5,0.357,1,0,0,0,0.0,0.0,0.0,0.0,0.0,0.2,0.2,0,0.667,0.667,1,0.0,0.0
665,0.214,0.786,1,0,0,0,0.0,0.0,0.0,0.0,0.0,0.2,0.2,0,0.833,0.857,1,0.0,0.0
666,0.714,1.0,1,0,0,0,0.0,0.0,0.0,0.0,0.0,0.4,0.2,0,0.0,0.857,0,0.857,0.15
667,0.714,1.0,0,1,0,0,0.857,0.714,0.357,0.0,0.0,0.6,0.2,0,0.0,0.381,0,0.381,0.15
668,0.714,1.0,0,0,1,0,0.857,0.714,0.357,0.571,0.0,0.6,0.2,0,0.0,0.0,0,0.0,0.15
669,0.714,1.0,0,0,0,1,0.857,0.714,0.357,0.571,0.214,0.6,0.2,0,0.0,0.0,0,0.379,0.15
670,1.0,0.571,1,0,0,0,0.0,0.0,0.0,0.0,0.0,0.2,0.2,0,0.167,0.667,0,1.333,-0.03
671,1.0,0.571,1,0,0,0,0.0,0.0,0.0,0.0,0.0,0.2,0.2,0,0.167,0.615,1,-0.308,-0.03
672,0.5,0.286,1,0,0,0,0.0,0.0,0.0,0.0,0.0,0.4,0.2,0,0.333,0.857,0,0.571,-0.19
673,0.5,0.286,0,1,0,0,0.357,0.214,0.143,0.0,0.0,0.4,0.8,1,0.333,0.0,0,0.0,-0.19
674,0.5,0.286,0,0,1,0,0.357,0.214,0.143,0.357,0.0,0.4,0.8,1,0.333,0.0,0,0.455,-0.19
675,0.5,0.286,0,0,1,0,0.357,0.214,0.143,0.357,0.0,0.4,0.8,1,0.333,0.333,0,0.125,-0.19
676,0.5,0.286,0,0,0,1,0.357,0.214,0.143,0.357,0.214,0.6,0.8,1,0.333,0.0,0,0.0,-0.19
677,0.5,0.286,0,0,0,1,0.357,0.214,0.143,0.357,0.214,0.6,0.8,1,0.333,0.484,1,0.0,-0.19
678,0.429,0.714,1,0,0,0,0.0,0.0,0.0,0.0,0.0,0.2,0.2,0,0.5,0.667,1,0.0,0.0
679,1.0,0.857,1,0,0,0,0.0,0.0,0.0,0.0,0.0,0.2,0.2,0,0.667,0.667,0,1.333,0.185
680,1.0,0.857,1,0,0,0,0.0,0.0,0.0,0.0,0.0,0.2,0.2,0,0.667,0.737,0,0.526,0.185
681,1.0,0.857,0,1,0,0,0.857,0.214,0.571,0.0,0.0,0.4,0.2,0,0.667,0.0,0,0.0,0.185
682,1.0,0.857,0,0,1,0,0.857,0.214,0.571,0.5,0.0,0.6,0.4,0,0.667,0.0,0,0.394,0.185
683,1.0,0.214,1,0,0,0,0.0,0.0,0.0,0.0,0.0,0.2,0.2,0,0.833,0.4,0,0.0,-0.02
684,1.0,0.214,1,0,0,0,0.0,0.0,0.0,0.0,0.0,0.2,0.2,0,0.833,0.885,1,0.0,-0.02
685,0.214,0.357,1,0,0,0,0.0,0.0,0.0,0.0,0.0,0.2,0.2,0,0.833,0.857,0,0.571,-0.06
686,0.214,0.357,0,1,0,0,0.357,0.929,0.5,0.0,0.0,0.4,0.2,0,0.833,0.353,1,0.0,-0.06
687,0.357,0.643,1,0,0,0,0.0,0.0,0.0,0.0,0.0,0.2,0.2,0,0.0,0.667,1,0.0,0.0
688,0.143,0.714,1,0,0,0,0.0,0.0,0.0,0.0,0.0,0.2,0.2,0,0.167,0.667,0,1.333,0.04
689,0.143,0.714,0,1,0,0,0.5,0.643,0.786,0.0,0.0,0.4,0.6,1,0.167,0.0,0,0.429,0.04
690,0.714,0.357,1,0,0,0,0.0,0.0,0.0,0.0,0.0,0.2,0.2,0,0.333,0.833,0,0.5,0.09
691,0.714,0.357,0,1,0,0,0.929,0.5,0.929,0.0,0.0,0.6,0.2,0,0.333,0.0,0,0.0,0.09
692,0.714,0.357,0,1,0,0,0.929,0.5,0.929,0.0,0.0,0.6,0.2,0,0.333,0.308,0,0.846,0.09
693,0.714,0.429,1,0,0,0,0.0,0.0,0.0,0.0,0.0,0.4,0.2,0,0.833,0.667,1,0.0,0.0
694,0.214,0.286,1,0,0,0,0.0,0.0,0.0,0.0,0.0,0.2,0.4,0,0.0,0.667,0,1.333,-0.02
695,0.357,0.643,1,0,0,0,0.0,0.0,0.0,0.0,0.0,0.2,0.2,0,0.167,0.833,1,0.0,-0.01
696,0.571,0.143,1,0,0,0,0.0,0.0,0.0,0.0,0.0,0.2,0.2,0,0.333,0.833,0,0.5,-0.05
697,0.571,0.143,0,1,0,0,0.286,0.714,0.643,0.0,0.0,0.6,0.6,0,0.333,0.0,0,0.0,-0.05
698,0.571,0.143,0,1,0,0,0.286,0.714,0.643,0.0,0.0,0.6,0.6,0,0.333,0.308,1,0.0,-0.05
699,0.429,0.429,1,0,0,0,0.0,0.0,0.0,0.0,0.0,0.2,0.2,0,0.667,0.667,0,1.333,0.255
700,0.429,0.429,0,1,0,0,1.0,0.5,0.429,0.0,0.0,0.4,0.4,0,0.667,0.0,0,0.429,0.255
701,0.429,0.429,0,0,1,0,1.0,0.5,0.429,0.357,0.0,0.4,0.6,0,0.667,0.0,0,0.615,0.255
702,0.429,0.429,0,0,0,1,1.0,0.5,0.429,0.357,0.714,0.6,0.6,0,0.667,0.0,0,0.379,0.255
703,0.286,1.0,1,0,0,0,0.0,0.0,0.0,0.0,0.0,0.2,0.2,0,0.833,0.667,1,0.0,0.0
704,1.0,0.643,1,0,0,0,0.0,0.0,0.0,0.0,0.0,0.4,0.2,0,0.0,0.833,0,1.667,0.11
705,1.0,0.643,0,1,0,0,0.857,0.357,0.714,0.0,0.0,0.8,0.4,0,0.0,0.0,0,0.75,0.11
706,0.571,0.929,1,0,0,0,0.0,0.0,0.0,0.0,0.0,0.4,0.2,0,0.167,0.833,0,0.667,0.075
707,0.571,0.929,0,1,0,0,0.286,0.357,0.5,0.0,0.0,0.6,0.4,1,0.167,0.0,0,0.0,0.075
708,0.571,0.929,0,0,1,0,0.286,0.357,0.5,0.929,0.0,0.6,0.4,1,0.167,0.0,0,0.0,0.075
709,0.571,0.929,0,0,0,1,0.286,0.357,0.5,0.929,0.214,0.8,0.6,1,0.167,0.0,0,0.615,0.075
710,0.286,0.286,1,0,0,0,0.0,0.0,0.0,0.0,0.0,0.2,0.2,0,0.333,0.857,0,0.571,0.11
711,0.286,0.286,0,1,0,0,0.214,0.5,0.857,0.0,0.0,0.4,0.4,0,0.333,0.0,0,0.0,0.11
712,0.286,0.286,0,1,0,0,0.214,0.5,0.857,0.0,0.0,0.4,0.4,0,0.333,0.313,0,0.313,0.11
713,0.286,0.286,0,0,1,0,0.214,0.5,0.857,0.214,0.0,0.4,0.4,0,0.333,0.0,0,0.381,0.11
714,0.5,0.643,1,0,0,0,0.0,0.0,0.0,0.0,0.0,0.4,0.2,0,0.667,0.667,1,0.0,0.0
715,0.857,0.143,1,0,0,0,0.0,0.0,0.0,0.0,0.0,0.2,0.2,0,0.833,0.667,1,0.0,0.0
716,0.357,0.714,1,0,0,0,0.0,0.0,0.0,0.0,0.0,0.4,0.2,0,0.0,0.833,0,0.833,0.135
717,0.357,0.714,0,1,0,0,0.429,0.929,0.714,0.0,0.0,0.6,0.4,0,0.0,0.3,0,0.8,0.135
718,0.643,0.643,1,0,0,0,0.0,0.0,0.0,0.0,0.0,0.2,0.2,0,0.167,0.667,0,1.333,0.04
719,0.643,0.643,0,1,0,0,0.5,0.929,1.0,0.0,0.0,0.4,0.4,0,0.167,0.0,0,0.429,0.04
720,0.214,0.929,1,0,0,0,0.0,0.0,0.0,0.0,0.0,0.2,0.2,0,0.333,0.8,0,0.4,-0.16999999999999998
721,0.214,0.929,0,1,0,0,0.643,0.643,1.0,0.0,0.0,0.4,0.4,0,0.333,0.0,0,0.0,-0.16999999999999998
722,0.214,0.929,0,1,0,0,0.643,0.643,1.0,0.0,0.0,0.4,0.4,0,0.333,0.364,0,0.364,-0.16999999999999998
723,0.214,0.929,0,0,1,0,0.643,0.643,1.0,0.929,0.0,0.4,0.4,0,0.333,0.0,0,0.0,-0.16999999999999998
724,0.214,0.929,0,0,0,1,0.643,0.643,1.0,0.929,0.143,0.4,0.6,0,0.333,0.0,0,0.6,-0.16999999999999998
725,0.786,0.643,1,0,0,0,0.0,0.0,0.0,0.0,0.0,0.2,0.2,0,0.667,0.667,0,1.333,0.205
726,0.786,0.643,1,0,0,0,0.0,0.0,0.0,0.0,0.0,0.2,0.2,0,0.667,0.583,0,0.25,0.205
727,0.786,0.643,0,1,0,0,0.929,0.357,0.214,0.0,0.0,0.8,0.2,0,0.667,0.0,0,0.0,0.205
728,0.786,0.643,0,1,0,0,0.929,0.357,0.214,0.0,0.0,0.8,0.2,0,0.667,0.321,0,0.857,0.205
729,0.286,0.429,1,0,0,0,0.0,0.0,0.0,0.0,0.0,0.4,0.2,0,0.833,0.667,0,1.333,-0.02
730,0.286,0.429,0,1,0,0,0.571,0.857,0.357,0.0,0.0,0.4,0.6,1,0.833,0.0,0,0.0,-0.02
731,0.286,0.429,0,0,1,0,0.571,0.857,0.357,0.643,0.0,0.6,0.6,1,0.833,0.533,1,0.0,-0.02
732,0.643,0.214,1,0,0,0,0.0,0.0,0.0,0.0,0.0,0.2,0.2,0,0.0,0.833,1,0.0,0.0
733,0.214,0.929,1,0,0,0,0.0,0.0,0.0,0.0,0.0,0.2,0.2,0,0.167,0.462,1,0.0,-0.01
734,0.571,0.929,1,0,0,0,0.0,0.0,0.0,0.0,0.0,0.2,0.2,0,0.333,0.5,0,0.3,-0.34
735,0.571,0.929,0,1,0,0,0.714,0.643,0.786,0.0,0.0,0.6,0.8,1,0.333,0.0,0,0.0,-0.34
736,0.571,0.929,0,1,0,0,0.714,0.643,0.786,0.0,0.0,0.6,0.8,1,0.333,0.324,0,0.324,-0.34
737,0.571,0.929,0,0,1,0,0.714,0.643,0.786,0.5,0.0,0.8,1.0,1,0.333,0.0,0,0.0,-0.34
738,0.571,0.929,0,0,0,1,0.714,0.643,0.786,0.5,0.714,0.8,1.0,1,0.333,0.0,0,0.347,-0.34
739,0.571,0.929,0,0,0,1,0.714,0.643,0.786,0.5,0.714,0.8,1.0,1,0.333,0.186,1,-0.167,-0.34
740,0.429,0.929,1,0,0,0,0.0,0.0,0.0,0.0,0.0,0.2,0.2,0,0.667,0.667,1,0.0,0.0
741,0.857,0.643,1,0,0,0,0.0,0.0,0.0,0.0,0.0,0.2,0.2,0,0.833,0.667,0,1.333,-0.02
742,0.857,0.643,1,0,0,0,0.0,0.0,0.0,0.0,0.0,0.2,0.2,0,0.833,0.971,1,-0.023,-0.02
743,0.143,0.429,1,0,0,0,0.0,0.0,0.0,0.0,0.0,0.2,0.2,0,0.0,0.667,0,1.333,-0.02
744,0.5,0.429,1,0,0,0,0.0,0.0,0.0,0.0,0.0,0.2,0.4,0,0.333,0.929,1,0.0,-0.01
745,0.643,0.571,1,0,0,0,0.0,0.0,0.0,0.0,0.0,0.2,0.4,0,0.5,0.462,0,0.308,0.28
746,0.643,0.571,0,1,0,0,0.714,0.571,0.857,0.0,0.0,0.4,0.6,1,0.5,0.0,0,0.0,0.28
747,0.643,0.571,0,0,1,0,0.714,0.571,0.857,1.0,0.0,0.6,0.6,1,0.5,0.0,0,0.0,0.28
748,0.643,0.571,0,0,1,0,0.714,0.571,0.857,1.0,0.0,0.6,0.6,1,0.5,0.302,0,0.302,0.28
749,0.643,0.571,0,0,0,1,0.714,0.571,0.857,1.0,0.786,0.6,1.0,1,0.5,0.0,0,0.0,0.28
750,1.0,0.5,1,0,0,0,0.0,0.0,0.0,0.0,0.0,0.2,0.2,0,0.667,0.667,0,1.333,0.045
751,1.0,0.5,0,1,0,0,0.286,0.929,0.143,0.0,0.0,0.6,0.4,0,0.667,0.0,0,0.429,0.045
752,0.357,0.286,1,0,0,0,0.0,0.0,0.0,0.0,0.0,0.2,0.4,0,0.833,0.667,1,0.0,0.0
753,0.643,0.786,1,0,0,0,0.0,0.0,0.0,0.0,0.0,0.2,0.2,0,0.0,0.667,0,1.333,-0.02
754,0.643,0.286,1,0,0,0,0.0,0.0,0.0,0.0,0.0,0.2,0.2,0,0.167,0.833,1,0.0,-0.01
755,0.571,1.0,1,0,0,0,0.0,0.0,0.0,0.0,0.0,0.4,0.2,0,0.667,0.667,0,1.333,-0.36
756,0.571,1.0,1,0,0,0,0.0,0.0,0.0,0.0,0.0,0.4,0.2,0,0.667,0.545,0,0.182,-0.36
757,0.571,1.0,0,1,0,0,0.5,0.786,0.429,0.0,0.0,0.6,0.6,0,0.667,0.0,0,0.471,-0.36
758,0.571,1.0,0,0,1,0,0.5,0.786,0.429,1.0,0.0,0.6,0.6,0,0.667,0.0,0,0.606,-0.36
759,0.571,1.0,0,0,0,1,0.5,0.786,0.429,1.0,0.286,0.8,0.6,1,0.667,0.0,0,0.0,-0.36
760,0.214,0.357,1,0,0,0,0.0,0.0,0.0,0.0,0.0,0.4,0.2,0,0.833,0.4,1,0.0,0.0
761,0.5,0.786,1,0,0,0,0.0,0.0,0.0,0.0,0.0,0.2,0.2,0,0.0,0.923,1,0.0,0.0
762,0.571,0.857,1,0,0,0,0.0,0.0,0.0,0.0,0.0,0.2,0.2,0,0.167,0.462,0,0.385,0.095
763,0.571,0.857,0,1,0,0,0.357,0.143,0.286,0.0,0.0,0.6,0.4,0,0.167,0.0,0,0.0,0.095
764,0.571,0.857,0,0,1,0,0.357,0.143,0.286,0.643,0.0,0.6,0.4,0,0.167,0.0,0,0.0,0.095
765,0.571,0.857,0,0,0,1,0.357,0.143,0.286,0.643,0.286,0.6,0.4,0,0.167,0.0,0,0.556,0.095
766,0.643,0.214,1,0,0,0,0.0,0.0,0.0,0.0,0.0,0.2,0.2,0,0.333,0.4,0,0.0,0.025
767,0.643,0.214,0,1,0,0,0.643,0.857,0.143,0.0,0.0,0.4,0.4,0,0.333,0.0,0,0.4,0.025
768,0.857,0.929,1,0,0,0,0.0,0.0,0.0,0.0,0.0,0.2,0.4,0,0.5,0.667,0,1.333,0.05
769,0.857,0.929,0,1,0,0,0.714,0.357,0.857,0.0,0.0,0.4,0.4,0,0.5,0.0,0,0.5,0.05
770,0.5,0.214,1,0,0,0,0.0,0.0,0.0,0.0,0.0,0.2,0.2,0,0.667,0.667,1,0.0,0.0
771,0.429,0.5,1,0,0,0,0.0,0.0,0.0,0.0,0.0,0.4,0.4,0,0.0,0.857,0,0.857,-0.13
772,0.429,0.5,0,1,0,0,0.857,0.643,0.714,0.0,0.0,0.6,0.4,1,0.0,0.0,0,0.0,-0.13
773,0.429,0.5,0,0,1,0,0.857,0.643,0.714,0.714,0.0,0.6,0.4,1,0.0,0.0,0,0.412,-0.13
774,0.429,0.5,0,0,1,0,0.857,0.643,0.714,0.714,0.0,0.6,0.4,1,0.0,0.311,1,-0.156,-0.13
775,0.857,0.643,1,0,0,0,0.0,0.0,0.0,0.0,0.0,0.4,0.2,0,0.167,0.857,0,1.571,-0.060000000000000005
776,1.0,0.786,1,0,0,0,0.0,0.0,0.0,0.0,0.0,0.2,0.2,0,0.5,0.8,0,1.4,0.15
777,1.0,0.786,0,1,0,0,0.357,0.214,0.357,0.0,0.0,0.4,0.2,0,0.5,0.0,0,0.0,0.15
778,1.0,0.786,0,1,0,0,0.357,0.214,0.357,0.0,0.0,0.4,0.2,0,0.5,0.421,0,0.421,0.15
779,1.0,0.786,0,0,1,0,0.357,0.214,0.357,0.143,0.0,0.6,0.6,1,0.5,0.0,0,0.407,0.15
780,0.5,0.143,1,0,0,0,0.0,0.0,0.0,0.0,0.0,0.2,0.2,0,0.667,0.667,1,0.0,0.0
781,0.286,0.857,1,0,0,0,0.0,0.0,0.0,0.0,0.0,0.4,0.2,0,0.833,0.667,1,0.0,0.0
782,0.143,0.429,1,0,0,0,0.0,0.0,0.0,0.0,0.0,0.4,0.2,0,0.0,0.833,0,0.833,-0.05
783,0.143,0.429,0,1,0,0,0.214,0.786,0.929,0.0,0.0,0.4,0.4,0,0.0,0.364,1,0.0,-0.05
784,0.571,0.286,1,0,0,0,0.0,0.0,0.0,0.0,0.0,0.2,0.2,0,0.167,0.833,1,0.0,-0.01
785,0.571,0.714,1,0,0,0,0.0,0.0,0.0,0.0,0.0,0.2,0.2,0,0.333,0.947,1,0.0,-0.02
786,0.5,1.0,1,0,0,0,0.0,0.0,0.0,0.0,0.0,0.2,0.2,0,0.5,0.667,0,1.333,-0.16
787,0.5,1.0,1,0,0,0,0.0,0.0,0.0,0.0,0.0,0.2,0.2,0,0.5,0.545,0,0.182,-0.16
788,0.5,1.0,0,1,0,0,0.357,0.429,0.429,0.0,0.0,0.4,0.6,0,0.5,0.0,0,0.0,-0.16
789,0.5,1.0,0,1,0,0,0.357,0.429,0.429,0.0,0.0,0.4,0.6,0,0.5,0.32,0,0.32,-0.16
790,0.5,1.0,0,0,1,0,0.357,0.429,0.429,0.357,0.0,0.6,0.6,0,0.5,0.0,0,0.0,-0.16
791,0.5,1.0,0,0,1,0,0.357,0.429,0.429,0.357,0.0,0.6,0.6,0,0.5,0.353,1,0.0,-0.16
792,0.143,0.429,1,0,0,0,0.0,0.0,0.0,0.0,0.0,0.2,0.2,0,0.667,0.833,1,0.0,0.0
793,0.786,0.286,1,0,0,0,0.0,0.0,0.0,0.0,0.0,0.2,0.2,0,0.833,0.833,1,0.0,0.0
794,0.571,0.5,1,0,0,0,0.0,0.0,0.0,0.0,0.0,0.2,0.4,0,0.0,0.857,0,0.857,-0.06
795,0.571,0.5,0,1,0,0,0.929,0.429,1.0,0.0,0.0,0.4,0.6,0,0.0,0.381,1,0.0,-0.06
796,0.714,0.571,1,0,0,0,0.0,0.0,0.0,0.0,0.0,0.2,0.2,0,0.167,0.857,1,0.0,-0.01
797,0.286,0.5,1,0,0,0,0.0,0.0,0.0,0.0,0.0,0.4,0.2,0,0.333,0.857,0,0.571,-0.06
798,0.286,0.5,0,1,0,0,0.857,0.143,0.429,0.0,0.0,0.4,0.4,0,0.333,0.0,0,0.0,-0.06
799,0.286,0.5,0,0,1,0,0.857,0.143,0.429,0.571,0.0,0.6,0.6,1,0.333,0.0,0,0.0,-0.06
800,0.286,0.5,0,0,1,0,0.857,0.143,0.429,0.571,0.0,0.6,0.6,1,0.333,0.313,1,0.0,-0.06
801,0.643,0.5,1,0,0,0,0.0,0.0,0.0,0.0,0.0,0.2,0.2,0,0.5,0.667,1,0.0,0.0
802,0.357,0.5,1,0,0,0,0.0,0.0,0.0,0.0,0.0,0.2,0.2,0,0.667,0.667,1,0.0,0.0
803,0.857,0.214,1,0,0,0,0.0,0.0,0.0,0.0,0.0,0.2,0.2,0,0.833,0.4,0,0.0,-0.06
804,0.857,0.214,1,0,0,0,0.0,0.0,0.0,0.0,0.0,0.2,0.2,0,0.833,0.462,0,0.308,-0.06
805,0.857,0.214,0,1,0,0,0.714,0.357,0.357,0.0,0.0,0.4,0.2,0,0.833,0.207,1,0.0,-0.06
806,0.5,0.357,1,0,0,0,0.0,0.0,0.0,0.0,0.0,0.2,0.2,0,0.0,0.8,1,0.0,0.0
807,0.786,0.786,1,0,0,0,0.0,0.0,0.0,0.0,0.0,0.2,0.2,0,0.167,0.667,0,1.333,0.04
808,0.786,0.786,0,1,0,0,0.286,0.857,0.214,0.0,0.0,0.4,0.4,0,0.167,0.0,0,0.571,0.04
809,0.929,0.714,1,0,0,0,0.0,0.0,0.0,0.0,0.0,0.2,0.2,0,0.333,0.857,0,0.571,-0.19
810,0.929,0.714,0,1,0,0,0.5,0.286,0.214,0.0,0.0,0.6,0.4,0,0.333,0.0,0,0.0,-0.19
811,0.929,0.714,0,1,0,0,0.5,0.286,0.214,0.0,0.0,0.6,0.4,0,0.333,0.313,0,0.313,-0.19
812,0.929,0.714,0,0,1,0,0.5,0.286,0.214,0.357,0.0,0.6,0.6,1,0.333,0.0,0,0.0,-0.19
813,0.929,0.714,0,0,0,1,0.5,0.286,0.214,0.357,0.143,0.6,0.8,1,0.333,0.0,0,0.381,-0.19
814,0.357,0.786,1,0,0,0,0.0,0.0,0.0,0.0,0.0,0.2,0.2,0,0.5,0.667,1,0.0,0.0
815,0.286,0.714,1,0,0,0,0.0,0.0,0.0,0.0,0.0,0.2,0.2,0,0.833,0.667,1,0.0,0.0
816,1.0,0.357,1,0,0,0,0.0,0.0,0.0,0.0,0.0,0.2,0.2,0,0.0,0.938,1,0.0,0.0
817,0.357,0.214,1,0,0,0,0.0,0.0,0.0,0.0,0.0,0.2,0.2,0,0.167,0.857,1,0.0,-0.01
818,0.357,0.857,1,0,0,0,0.0,0.0,0.0,0.0,0.0,0.2,0.2,0,0.333,0.833,0,0.5,-0.05
819,0.357,0.857,0,1,0,0,1.0,0.143,0.786,0.0,0.0,0.6,0.4,0,0.333,0.0,0,0.0,-0.05
820,0.357,0.857,0,1,0,0,1.0,0.143,0.786,0.0,0.0,0.6,0.4,0,0.333,0.25,1,0.0,-0.05
821,0.571,0.357,1,0,0,0,0.0,0.0,0.0,0.0,0.0,0.2,0.2,0,0.5,0.667,1,0.0,0.0
822,0.286,0.286,1,0,0,0,0.0,0.0,0.0,0.0,0.0,0.2,0.2,0,0.667,0.667,0,1.333,-0.06
823,0.286,0.286,1,0,0,0,0.0,0.0,0.0,0.0,0.0,0.2,0.2,0,0.667,0.444,0,0.0,-0.06
824,0.286,0.286,0,1,0,0,1.0,0.643,0.5,0.0,0.0,0.4,0.2,0,0.667,0.0,0,0.0,-0.06
825,0.286,0.286,0,0,1,0,1.0,0.643,0.5,0.429,0.0,0.4,0.4,0,0.667,0.0,0,0.0,-0.06
826,0.286,0.286,0,0,1,0,1.0,0.643,0.5,0.429,0.0,0.4,0.4,0,0.667,0.35,1,0.0,-0.06
827,0.857,0.357,1,0,0,0,0.0,0.0,0.0,0.0,0.0,0.4,0.2,0,0.833,0.667,1,0.0,0.0
828,0.714,0.857,1,0,0,0,0.0,0.0,0.0,0.0,0.0,0.2,0.2,0,0.0,0.667,0,1.333,-0.02
829,0.429,0.714,1,0,0,0,0.0,0.0,0.0,0.0,0.0,0.2,0.2,0,0.167,0.857,1,0.0,-0.01
830,1.0,0.143,1,0,0,0,0.0,0.0,0.0,0.0,0.0,0.2,0.4,0,0.333,0.833,0,0.5,0.055
831,1.0,0.143,0,1,0,0,0.5,0.786,0.357,0.0,0.0,0.4,0.4,0,0.333,0.0,0,0.0,0.055
832,1.0,0.143,0,0,1,0,0.5,0.786,0.357,0.786,0.0,0.6,0.4,0,0.333,0.0,0,0.0,0.055
833,1.0,0.143,0,0,0,1,0.5,0.786,0.357,0.786,0.571,0.6,0.4,0,0.333,0.0,0,0.0,0.055
834,0.143,0.929,1,0,0,0,0.0,0.0,0.0,0.0,0.0,0.2,0.2,0,0.5,0.667,1,0.0,0.0
835,0.786,0.643,1,0,0,0,0.0,0.0,0.0,0.0,0.0,0.2,0.2,0,0.667,0.667,0,1.333,-0.02
836,0.786,0.643,1,0,0,0,0.0,0.0,0.0,0.0,0.0,0.2,0.2,0,0.667,0.545,1,-0.364,-0.02
837,0.786,0.5,1,0,0,0,0.0,0.0,0.0,0.0,0.0,0.2,0.2,0,0.0,0.667,0,1.333,-0.07
838,0.786,0.5,1,0,0,0,0.0,0.0,0.0,0.0,0.0,0.2,0.2,0,0.0,0.5,0,0.1,-0.07
839,0.786,0.5,0,1,0,0,0.429,0.929,0.857,0.0,0.0,0.4,0.6,0,0.0,0.318,1,0.0,-0.07
840,0.643,0.786,1,0,0,0,0.0,0.0,0.0,0.0,0.0,0.2,0.2,0,0.333,0.833,0,0.667,-0.56
841,0.643,0.786,1,0,0,0,0.0,0.0,0.0,0.0,0.0,0.2,0.2,0,0.333,0.5,0,0.222,-0.56
842,0.643,0.786,0,1,0,0,0.143,0.571,0.5,0.0,0.0,0.4,0.6,1,0.333,0.0,0,0.0,-0.56
843,0.643,0.786,0,1,0,0,0.143,0.571,0.5,0.0,0.0,0.4,0.6,1,0.333,0.381,0,0.381,-0.56
844,0.643,0.786,0,0,1,0,0.143,0.571,0.5,0.357,0.0,0.4,0.6,1,0.333,0.0,0,0.0,-0.56
845,0.643,0.786,0,0,1,0,0.143,0.571,0.5,0.357,0.0,0.4,0.6,1,0.333,0.318,0,0.318,-0.56
846,1.0,0.643,1,0,0,0,0.0,0.0,0.0,0.0,0.0,0.2,0.2,0,0.667,0.667,0,1.333,-0.02
847,0.571,0.786,1,0,0,0,0.0,0.0,0.0,0.0,0.0,0.4,0.2,0,0.833,0.8,0,0.8,-0.12
848,0.571,0.786,0,1,0,0,1.0,0.214,0.571,0.0,0.0,0.6,0.2,0,0.833,0.381,0,0.381,-0.12
849,0.571,0.786,0,0,1,0,1.0,0.214,0.571,0.143,0.0,0.6,0.6,0,0.833,0.0,0,0.0,-0.12
850,0.571,0.786,0,0,1,0,1.0,0.214,0.571,0.143,0.0,0.6,0.6,0,0.833,0.339,1,0.0,-0.12
851,0.286,0.714,1,0,0,0,0.0,0.0,0.0,0.0,0.0,0.2,0.2,0,0.0,0.833,1,0.0,0.0
852,0.714,0.286,1,0,0,0,0.0,0.0,0.0,0.0,0.0,0.2,0.2,0,0.167,0.833,1,0.0,-0.01
853,0.857,0.286,1,0,0,0,0.0,0.0,0.0,0.0,0.0,0.2,0.2,0,0.333,0.4,0,0.8,-0.07
854,0.857,0.286,0,1,0,0,0.714,0.786,0.214,0.0,0.0,0.6,0.6,0,0.333,0.0,0,0.0,-0.07
855,0.857,0.286,0,0,1,0,0.714,0.786,0.214,0.286,0.0,0.6,0.6,0,0.333,0.0,0,0.333,-0.07
856,0.857,0.286,0,0,0,1,0.714,0.786,0.214,0.286,1.0,0.6,0.6,1,0.333,0.0,0,0.0,-0.07
857,0.429,0.143,1,0,0,0,0.0,0.0,0.0,0.0,0.0,0.2,0.2,0,0.5,0.667,1,0.0,0.0
858,0.5,0.214,1,0,0,0,0.0,0.0,0.0,0.0,0.0,0.2,0.2,0,0.667,0.667,1,0.0,0.0
859,0.643,0.214,1,0,0,0,0.0,0.0,0.0,0.0,0.0,0.2,0.2,0,0.833,0.857,1,0.0,0.0
860,0.714,0.857,1,0,0,0,0.0,0.0,0.0,0.0,0.0,0.2,0.2,0,0.0,0.667,0,1.333,-0.02
861,0.857,0.643,1,0,0,0,0.0,0.0,0.0,0.0,0.0,0.2,0.2,0,0.167,0.667,0,1.333,0.07
862,0.857,0.643,0,1,0,0,0.929,0.929,0.786,0.0,0.0,0.4,0.6,1,0.167,0.0,0,0.429,0.07
863,0.857,0.643,0,0,1,0,0.929,0.929,0.786,0.286,0.0,0.4,0.6,1,0.167,0.0,0,0.0,0.07
864,0.857,0.643,0,0,0,1,0.929,0.929,0.786,0.286,0.714,0.4,1.0,0,0.167,0.0,0,0.538,0.07
865,0.714,0.786,1,0,0,0,0.0,0.0,0.0,0.0,0.0,0.2,0.4,0,0.5,0.833,0,0.5,-0.19
866,0.714,0.786,0,1,0,0,0.5,0.214,0.643,0.0,0.0,0.4,0.6,1,0.5,0.0,0,0.0,-0.19
867,0.714,0.786,0,0,1,0,0.5,0.214,0.643,0.857,0.0,0.4,0.8,1,0.5,0.0,0,0.444,-0.19
868,0.714,0.786,0,0,0,1,0.5,0.214,0.643,0.857,1.0,0.4,0.8,1,0.5,0.0,0,0.588,-0.19
869,0.714,0.786,0,0,0,1,0.5,0.214,0.643,0.857,1.0,0.4,0.8,1,0.5,0.27,1,-0.27,-0.19
870,0.929,0.571,1,0,0,0,0.0,0.0,0.0,0.0,0.0,0.4,0.2,0,0.667,0.667,0,1.333,-0.24
871,0.929,0.571,0,1,0,0,0.429,0.929,0.786,0.0,0.0,0.4,0.2,0,0.667,0.0,0,0.5,-0.24
872,0.929,0.571,0,0,1,0,0.429,0.929,0.786,0.857,0.0,0.6,0.6,0,0.667,0.529,0,0.529,-0.24
873,0.929,0.571,0,0,0,1,0.429,0.929,0.786,0.857,0.857,0.6,0.6,0,0.667,0.0,0,0.0,-0.24
874,0.929,0.143,1,0,0,0,0.0,0.0,0.0,0.0,0.0,0.2,0.2,0,0.833,0.667,1,0.0,0.0
875,0.286,0.786,1,0,0,0,0.0,0.0,0.0,0.0,0.0,0.2,0.2,0,0.0,0.667,0,1.333,-0.02
876,0.286,0.786,1,0,0,0,0.0,0.0,0.0,0.0,0.0,0.2,0.2,0,0.0,0.5,1,-0.4,-0.02
877,0.786,0.286,1,0,0,0,0.0,0.0,0.0,0.0,0.0,0.2,0.2,0,0.167,0.667,0,1.333,0.04
878,0.786,0.286,0,1,0,0,0.714,0.929,0.857,0.0,0.0,0.4,0.8,0,0.167,0.0,0,0.0,0.04
879,0.786,0.286,0,0,1,0,0.714,0.929,0.857,0.429,0.0,0.4,0.8,0,0.167,0.0,0,0.429,0.04
880,1.0,0.5,1,0,0,0,0.0,0.0,0.0,0.0,0.0,0.2,0.2,0,0.333,0.571,0,1.143,0.145
881,1.0,0.5,0,1,0,0,0.5,0.857,0.357,0.0,0.0,0.6,0.2,0,0.333,0.0,0,0.381,0.145
882,1.0,1.0,1,0,0,0,0.0,0.0,0.0,0.0,0.0,0.2,0.2,0,0.5,0.667,0,1.333,0.065
883,1.0,1.0,0,1,0,0,0.929,0.286,0.786,0.0,0.0,0.4,0.4,0,0.5,0.0,0,0.636,0.065
884,0.929,0.571,1,0,0,0,0.0,0.0,0.0,0.0,0.0,0.2,0.2,0,0.667,0.667,1,0.0,0.0
885,0.357,0.857,1,0,0,0,0.0,0.0,0.0,0.0,0.0,0.2,0.2,0,0.833,0.667,1,0.0,0.0
886,0.714,1.0,1,0,0,0,0.0,0.0,0.0,0.0,0.0,0.2,0.2,0,0.0,0.667,0,1.333,0.045
887,0.714,1.0,0,1,0,0,0.357,0.429,0.5,0.0,0.0,0.4,0.6,0,0.0,0.0,0,0.0,0.045
888,0.714,1.0,0,0,1,0,0.357,0.429,0.5,0.929,0.0,0.4,0.6,0,0.0,0.0,0,0.429,0.045
889,0.429,0.786,1,0,0,0,0.0,0.0,0.0,0.0,0.0,0.4,0.2,0,0.167,0.727,1,0.0,-0.01
890,0.357,0.857,1,0,0,0,0.0,0.0,0.0,0.0,0.0,0.2,0.2,0,0.333,0.727,1,0.0,-0.02
891,0.857,0.786,1,0,0,0,0.0,0.0,0.0,0.0,0.0,0.2,0.4,0,0.833,0.667,0,1.333,-0.02
892,1.0,0.857,1,0,0,0,0.0,0.0,0.0,0.0,0.0,0.2,0.2,0,0.0,0.667,0,1.333,-0.02
893,0.786,0.357,1,0,0,0,0.0,0.0,0.0,0.0,0.0,0.2,0.2,0,0.167,0.667,0,1.333,-0.03
894,0.357,0.571,1,0,0,0,0.0,0.0,0.0,0.0,0.0,0.4,0.2,0,0.333,0.857,0,0.571,-0.23
895,0.357,0.571,0,1,0,0,0.357,1.0,0.214,0.0,0.0,0.4,0.2,0,0.333,0.0,0,0.0,-0.23
896,0.357,0.571,0,0,1,0,0.357,1.0,0.214,0.857,0.0,0.4,0.2,0,0.333,0.0,0,0.455,-0.23
897,0.357,0.571,0,0,0,1,0.357,1.0,0.214,0.857,0.143,0.4,0.6,1,0.333,0.0,0,0.571,-0.23
898,0.357,0.571,0,0,0,1,0.357,1.0,0.214,0.857,0.143,0.4,0.6,1,0.333,0.327,1,-0.245,-0.23
899,1.0,0.857,1,0,0,0,0.0,0.0,0.0,0.0,0.0,0.4,0.2,0,0.167,0.4,1,0.0,-0.01
900,1.0,0.214,1,0,0,0,0.0,0.0,0.0,0.0,0.0,0.2,0.2,0,0.5,0.833,1,0.0,-0.02
901,0.286,0.786,1,0,0,0,0.0,0.0,0.0,0.0,0.0,0.2,0.2,0,0.0,0.667,1,0.0,0.0
902,0.643,0.286,1,0,0,0,0.0,0.0,0.0,0.0,0.0,0.2,0.2,0,0.5,0.833,0,0.5,-0.05
903,0.643,0.286,0,1,0,0,0.571,0.429,0.786,0.0,0.0,0.6,0.4,0,0.5,0.0,0,0.0,-0.05
904,0.643,0.286,0,1,0,0,0.571,0.429,0.786,0.0,0.0,0.6,0.4,0,0.5,0.308,1,0.0,-0.05
905,0.643,0.143,1,0,0,0,0.0,0.0,0.0,0.0,0.0,0.2,0.2,0,0.0,0.4,1,0.0,0.0
906,0.214,0.929,1,0,0,0,0.0,0.0,0.0,0.0,0.0,0.2,0.2,0,0.167,0.667,1,0.0,-0.01
907,0.429,0.214,1,0,0,0,0.0,0.0,0.0,0.0,0.0,0.2,0.2,0,0.5,0.667,1,0.0,0.0
908,0.357,0.786,1,0,0,0,0.0,0.0,0.0,0.0,0.0,0.2,0.2,0,0.667,0.667,1,0.0,0.0
909,0.429,0.286,1,0,0,0,0.0,0.0,0.0,0.0,0.0,0.2,0.2,0,0.833,0.667,1,0.0,0.0
910,0.5,0.929,1,0,0,0,0.0,0.0,0.0,0.0,0.0,0.2,0.2,0,0.0,0.8,0,0.8,-0.04
911,0.5,0.929,1,0,0,0,0.0,0.0,0.0,0.0,0.0,0.2,0.2,0,0.0,0.69,1,-0.138,-0.04
912,0.429,1.0,1,0,0,0,0.0,0.0,0.0,0.0,0.0,0.2,0.2,0,0.167,0.875,1,0.0,-0.01
913,0.357,0.429,1,0,0,0,0.0,0.0,0.0,0.0,0.0,0.2,0.4,0,0.333,0.8,0,0.4,-0.04
914,0.357,0.429,0,1,0,0,0.714,1.0,1.0,0.0,0.0,0.4,0.4,0,0.333,0.0,0,0.0,-0.04
915,0.357,0.429,0,1,0,0,0.714,1.0,1.0,0.0,0.0,0.4,0.4,0,0.333,0.364,1,0.0,-0.04
916,0.857,0.643,1,0,0,0,0.0,0.0,0.0,0.0,0.0,0.2,0.2,0,0.5,0.667,0,1.333,-0.02
917,0.857,0.643,0,1,0,0,1.0,0.929,0.286,0.0,0.0,0.4,0.6,0,0.5,0.0,0,0.0,-0.02
918,0.857,0.643,0,1,0,0,1.0,0.929,0.286,0.0,0.0,0.4,0.6,0,0.5,0.5,1,0.0,-0.02
919,1.0,0.5,1,0,0,0,0.0,0.0,0.0,0.0,0.0,0.2,0.2,0,0.667,0.667,0,1.333,-0.02
920,1.0,0.5,1,0,0,0,0.0,0.0,0.0,0.0,0.0,0.2,0.2,0,0.667,0.64,1,-0.16,-0.02
921,0.571,0.857,1,0,0,0,0.0,0.0,0.0,0.0,0.0,0.2,0.2,0,0.833,0.667,1,0.0,0.0
922,0.857,0.643,1,0,0,0,0.0,0.0,0.0,0.0,0.0,0.2,0.2,0,0.0,0.4,0,0.8,0.605
923,0.857,0.643,1,0,0,0,0.0,0.0,0.0,0.0,0.0,0.2,0.2,0,0.0,0.696,0,2.565,0.605
924,0.929,0.714,1,0,0,0,0.0,0.0,0.0,0.0,0.0,0.2,0.2,0,0.333,0.5,0,0.25,-1.11
925,0.929,0.714,0,1,0,0,0.857,0.286,0.5,0.0,0.0,0.6,0.4,0,0.333,0.0,0,0.0,-1.11
926,0.929,0.714,0,1,0,0,0.857,0.286,0.5,0.0,0.0,0.6,0.4,0,0.333,0.412,0,0.412,-1.11
927,0.929,0.714,0,0,1,0,0.857,0.286,0.5,1.0,0.0,0.6,0.6,1,0.333,0.0,0,0.0,-1.11
928,0.929,0.714,0,0,1,0,0.857,0.286,0.5,1.0,0.0,0.6,0.6,1,0.333,0.455,0,0.909,-1.11
929,0.929,0.714,0,0,0,1,0.857,0.286,0.5,1.0,0.5,0.6,0.6,1,0.333,0.0,0,0.952,-1.11
930,0.357,1.0,1,0,0,0,0.0,0.0,0.0,0.0,0.0,0.2,0.2,0,0.5,0.667,1,0.0,0.0
931,0.214,0.857,1,0,0,0,0.0,0.0,0.0,0.0,0.0,0.2,0.2,0,0.667,0.667,1,0.0,0.0
932,0.714,0.214,1,0,0,0,0.0,0.0,0.0,0.0,0.0,0.2,0.2,0,0.833,0.667,1,0.0,0.0
933,0.929,0.929,1,0,0,0,0.0,0.0,0.0,0.0,0.0,0.2,0.2,0,0.0,0.455,0,1.0,0.175
934,0.929,0.929,0,1,0,0,0.929,0.786,0.143,0.0,0.0,0.4,0.2,0,0.0,0.0,0,0.414,0.175
935,0.286,0.786,1,0,0,0,0.0,0.0,0.0,0.0,0.0,0.2,0.2,0,0.167,0.833,1,0.0,-0.01
936,0.929,0.357,1,0,0,0,0.0,0.0,0.0,0.0,0.0,0.4,0.2,0,0.333,0.833,0,0.5,-0.09
937,0.929,0.357,0,1,0,0,0.714,0.643,0.143,0.0,0.0,0.6,0.4,0,0.333,0.0,0,0.0,-0.09
938,0.929,0.357,0,1,0,0,0.714,0.643,0.143,0.0,0.0,0.6,0.4,0,0.333,0.308,0,0.308,-0.09
939,0.929,0.357,0,0,1,0,0.714,0.643,0.143,0.786,0.0,0.6,0.6,1,0.333,0.0,0,0.0,-0.09
940,0.929,0.357,0,0,1,0,0.714,0.643,0.143,0.786,0.0,0.6,0.6,1,0.333,0.469,1,0.0,-0.09
941,0.429,0.5,1,0,0,0,0.0,0.0,0.0,0.0,0.0,0.4,0.4,0,0.5,0.667,1,0.0,0.0
942,0.357,0.786,1,0,0,0,0.0,0.0,0.0,0.0,0.0,0.2,0.2,0,0.667,0.8,1,0.0,0.0
943,0.571,0.714,1,0,0,0,0.0,0.0,0.0,0.0,0.0,0.2,0.2,0,0.833,0.667,0,1.333,-0.02
944,0.571,0.714,1,0,0,0,0.0,0.0,0.0,0.0,0.0,0.2,0.2,0,0.833,0.727,1,-0.121,-0.02
945,0.857,0.357,1,0,0,0,0.0,0.0,0.0,0.0,0.0,0.2,0.2,0,0.0,0.8,1,0.0,0.0
946,0.929,0.143,1,0,0,0,0.0,0.0,0.0,0.0,0.0,0.2,0.2,0,0.167,0.8,1,0.0,-0.01
947,0.286,0.571,1,0,0,0,0.0,0.0,0.0,0.0,0.0,0.2,0.2,0,0.333,0.5,0,0.3,-0.1
948,0.286,0.571,0,1,0,0,0.857,1.0,0.5,0.0,0.0,0.4,0.4,0,0.333,0.0,0,0.0,-0.1
949,0.286,0.571,0,0,1,0,0.857,1.0,0.5,0.357,0.0,0.6,0.4,1,0.333,0.0,0,0.0,-0.1
950,0.286,0.571,0,0,0,1,0.857,1.0,0.5,0.357,0.786,0.6,0.4,1,0.333,0.0,0,0.385,-0.1
951,0.714,0.357,1,0,0,0,0.0,0.0,0.0,0.0,0.0,0.4,0.2,0,0.5,0.667,1,0.0,0.0
952,0.429,0.929,1,0,0,0,0.0,0.0,0.0,0.0,0.0,0.2,0.2,0,0.667,0.667,1,0.0,0.0
953,0.429,0.929,1,0,0,0,0.0,0.0,0.0,0.0,0.0,0.2,0.2,0,0.833,0.667,1,0.0,0.0
954,0.786,0.714,1,0,0,0,0.0,0.0,0.0,0.0,0.0,0.2,0.4,0,0.0,0.8,0,0.8,-0.08
955,0.786,0.714,0,1,0,0,0.429,0.214,0.143,0.0,0.0,0.4,0.4,0,0.0,0.308,0,0.308,-0.08
956,0.786,0.714,0,0,1,0,0.429,0.214,0.143,0.857,0.0,0.4,0.6,0,0.0,0.37,1,0.0,-0.08
957,0.929,0.857,1,0,0,0,0.0,0.0,0.0,0.0,0.0,0.2,0.4,0,0.167,0.667,0,1.333,-0.03
958,0.214,0.357,1,0,0,0,0.0,0.0,0.0,0.0,0.0,0.2,0.2,0,0.0,0.667,1,0.0,0.0
959,0.214,1.0,1,0,0,0,0.0,0.0,0.0,0.0,0.0,0.4,0.2,0,0.167,0.667,0,1.333,0.04
960,0.214,1.0,0,1,0,0,0.429,0.857,0.286,0.0,0.0,0.6,0.4,0,0.167,0.0,0,0.0,0.04
961,0.214,1.0,0,0,1,0,0.429,0.857,0.286,0.357,0.0,0.6,0.8,1,0.167,0.0,0,0.429,0.04
962,0.214,0.286,1,0,0,0,0.0,0.0,0.0,0.0,0.0,0.2,0.4,0,0.333,0.857,1,0.0,-0.02
963,0.5,0.5,1,0,0,0,0.0,0.0,0.0,0.0,0.0,0.2,0.2,0,0.5,0.667,0,1.333,0.12
964,0.5,0.5,1,0,0,0,0.0,0.0,0.0,0.0,0.0,0.2,0.2,0,0.5,0.286,0,-0.286,0.12
965,0.5,0.5,0,1,0,0,0.286,0.643,1.0,0.0,0.0,0.4,0.2,0,0.5,0.0,0,0.0,0.12
966,0.5,0.5,0,1,0,0,0.286,0.643,1.0,0.0,0.0,0.4,0.2,0,0.5,0.357,0,0.357,0.12
967,0.5,0.5,0,0,1,0,0.286,0.643,1.0,0.286,0.0,0.6,0.2,0,0.5,0.0,0,0.684,0.12
968,0.5,0.643,1,0,0,0,0.0,0.0,0.0,0.0,0.0,0.4,0.2,0,0.667,0.4,0,0.4,-0.02
969,0.5,0.643,1,0,0,0,0.0,0.0,0.0,0.0,0.0,0.4,0.2,0,0.667,0.345,1,-0.069,-0.02
970,0.143,0.857,1,0,0,0,0.0,0.0,0.0,0.0,0.0,0.2,0.2,0,0.833,0.667,1,0.0,0.0
971,0.143,0.714,1,0,0,0,0.0,0.0,0.0,0.0,0.0,0.4,0.2,0,0.0,0.4,1,0.0,0.0
972,0.429,0.5,1,0,0,0,0.0,0.0,0.0,0.0,0.0,0.2,0.4,0,0.167,0.4,0,0.2,-0.02
973,0.429,0.5,1,0,0,0,0.0,0.0,0.0,0.0,0.0,0.2,0.4,0,0.167,0.357,1,-0.071,-0.02
974,0.857,0.643,1,0,0,0,0.0,0.0,0.0,0.0,0.0,0.2,0.2,0,0.333,0.462,0,0.308,-0.16
975,0.857,0.643,0,1,0,0,0.786,0.929,0.286,0.0,0.0,0.6,0.6,1,0.333,0.0,0,0.0,-0.16
976,0.857,0.643,0,1,0,0,0.786,0.929,0.286,0.0,0.0,0.6,0.6,1,0.333,0.27,0,0.27,-0.16
977,0.857,0.643,0,0,1,0,0.786,0.929,0.286,0.5,0.0,0.6,0.6,1,0.333,0.0,0,0.0,-0.16
978,0.857,0.643,0,0,1,0,0.786,0.929,0.286,0.5,0.0,0.6,0.6,1,0.333,0.44,1,0.0,-0.16
979,0.786,0.643,1,0,0,0,0.0,0.0,0.0,0.0,0.0,0.2,0.2,0,0.5,0.667,0,0.667,-0.07
980,0.786,0.643,1,0,0,0,0.0,0.0,0.0,0.0,0.0,0.2,0.2,0,0.5,0.278,0,0.167,-0.07
981,0.786,0.643,0,1,0,0,0.857,0.786,1.0,0.0,0.0,0.6,0.4,0,0.5,0.0,0,0.0,-0.07
982,0.786,0.643,0,1,0,0,0.857,0.786,1.0,0.0,0.0,0.6,0.4,0,0.5,0.263,1,0.0,-0.07
983,0.571,1.0,1,0,0,0,0.0,0.0,0.0,0.0,0.0,0.2,0.2,0,0.667,0.667,0,1.333,0.045
984,0.571,1.0,0,1,0,0,0.714,0.643,0.929,0.0,0.0,0.6,0.6,0,0.667,0.0,0,0.429,0.045
985,0.214,0.714,1,0,0,0,0.0,0.0,0.0,0.0,0.0,0.2,0.2,0,0.833,0.667,1,0.0,0.0
986,0.286,0.214,1,0,0,0,0.0,0.0,0.0,0.0,0.0,0.2,0.4,0,0.0,0.455,1,0.0,0.0
987,0.429,0.143,1,0,0,0,0.0,0.0,0.0,0.0,0.0,0.4,0.2,0,0.167,0.667,0,1.333,0.04
988,0.429,0.143,0,1,0,0,0.714,0.857,0.357,0.0,0.0,0.4,0.4,0,0.167,0.0,0,0.429,0.04
989,0.429,0.357,1,0,0,0,0.0,0.0,0.0,0.0,0.0,0.2,0.4,0,0.5,0.667,1,0.0,0.0
990,0.357,0.714,1,0,0,0,0.0,0.0,0.0,0.0,0.0,0.4,0.2,0,0.667,0.667,1,0.0,0.0
991,0.5,0.429,1,0,0,0,0.0,0.0,0.0,0.0,0.0,0.2,0.4,0,0.833,0.4,0,0.4,-0.15
992,0.5,0.429,0,1,0,0,0.5,0.571,0.286,0.0,0.0,0.4,0.6,1,0.833,0.591,0,0.591,-0.15
993,0.5,0.429,0,0,1,0,0.5,0.571,0.286,1.0,0.0,0.6,0.6,1,0.833,0.5,1,0.0,-0.15
994,0.357,0.214,1,0,0,0,0.0,0.0,0.0,0.0,0.0,0.2,0.2,0,0.0,0.833,1,0.0,0.0
995,1.0,0.5,1,0,0,0,0.0,0.0,0.0,0.0,0.0,0.2,0.2,0,0.167,0.455,0,0.727,-0.04
996,1.0,0.5,1,0,0,0,0.0,0.0,0.0,0.0,0.0,0.2,0.2,0,0.167,0.611,1,-0.222,-0.04
997,0.929,0.5,1,0,0,0,0.0,0.0,0.0,0.0,0.0,0.2,0.2,0,0.333,0.955,1,0.0,-0.02
998,0.357,0.357,1,0,0,0,0.0,0.0,0.0,0.0,0.0,0.2,0.2,0,0.5,0.667,0,1.333,-0.02
999,0.357,0.357,0,1,0,0,0.143,0.929,0.786,0.0,0.0,0.6,0.2,0,0.5,0.0,0,0.0,-0.02
1000,0.357,0.357,0,1,0,0,0.143,0.929,0.786,0.0,0.0,0.6,0.2,0,0.5,0.375,1,0.0,-0.02
1001,0.929,0.143,1,0,0,0,0.0,0.0,0.0,0.0,0.0,0.2,0.2,0,0.667,0.667,1,0.0,0.0
1002,0.143,0.5,1,0,0,0,0.0,0.0,0.0,0.0,0.0,0.4,0.2,0,0.833,0.667,0,1.333,-0.02
1003,0.143,0.5,1,0,0,0,0.0,0.0,0.0,0.0,0.0,0.4,0.2,0,0.833,0.615,1,-0.308,-0.02
1004,0.571,0.786,1,0,0,0,0.0,0.0,0.0,0.0,0.0,0.2,0.2,0,0.0,0.455,0,0.455,-0.05
1005,0.571,0.786,1,0,0,0,0.0,0.0,0.0,0.0,0.0,0.2,0.2,0,0.0,0.333,1,-0.104,-0.05
1006,0.286,0.643,1,0,0,0,0.0,0.0,0.0,0.0,0.0,0.2,0.2,0,0.167,0.4,1,0.0,-0.01
1007,0.429,0.143,1,0,0,0,0.0,0.0,0.0,0.0,0.0,0.2,0.2,0,0.333,0.857,1,0.0,-0.02
1008,0.429,0.643,1,0,0,0,0.0,0.0,0.0,0.0,0.0,0.2,0.2,0,0.5,0.667,1,0.0,0.0
1009,0.143,0.5,1,0,0,0,0.0,0.0,0.0,0.0,0.0,0.2,0.2,0,0.667,0.667,1,0.0,0.0
1010,0.214,0.571,1,0,0,0,0.0,0.0,0.0,0.0,0.0,0.2,0.2,0,0.833,0.667,1,0.0,0.0
1011,0.5,0.786,1,0,0,0,0.0,0.0,0.0,0.0,0.0,0.2,0.2,0,0.0,0.8,1,0.0,0.0
1012,1.0,1.0,1,0,0,0,0.0,0.0,0.0,0.0,0.0,0.2,0.2,0,0.167,0.667,0,2.0,0.06
1013,1.0,1.0,0,1,0,0,0.643,0.857,0.786,0.0,0.0,0.4,0.4,0,0.167,0.0,0,0.0,0.06
1014,1.0,1.0,0,0,1,0,0.643,0.857,0.786,0.714,0.0,0.6,0.8,1,0.167,0.0,0,0.364,0.06
1015,0.643,0.786,1,0,0,0,0.0,0.0,0.0,0.0,0.0,0.2,0.2,0,0.333,0.833,0,0.5,-0.09
1016,0.643,0.786,0,1,0,0,0.571,0.643,0.429,0.0,0.0,0.4,0.4,0,0.333,0.0,0,0.0,-0.09
1017,0.643,0.786,0,0,1,0,0.571,0.643,0.429,0.571,0.0,0.4,0.4,0,0.333,0.0,0,0.444,-0.09
1018,0.643,0.786,0,0,0,1,0.571,0.643,0.429,0.571,0.429,0.4,0.4,0,0.333,0.0,0,0.0,-0.09
1019,0.143,0.143,1,0,0,0,0.0,0.0,0.0,0.0,0.0,0.2,0.2,0,0.5,0.667,0,1.333,0.065
1020,0.143,0.143,0,1,0,0,0.714,1.0,0.714,0.0,0.0,0.6,0.4,0,0.5,0.0,0,0.455,0.065
1021,0.929,0.786,1,0,0,0,0.0,0.0,0.0,0.0,0.0,0.2,0.2,0,0.667,0.667,0,1.333,-0.02
1022,0.929,0.786,1,0,0,0,0.0,0.0,0.0,0.0,0.0,0.2,0.2,0,0.667,0.667,1,-0.267,-0.02
1023,0.714,0.857,1,0,0,0,0.0,0.0,0.0,0.0,0.0,0.2,0.2,0,0.833,0.667,0,1.333,-0.13
1024,0.714,0.857,0,1,0,0,0.143,0.286,0.214,0.0,0.0,0.6,0.6,0,0.833,0.3,0,0.3,-0.13
1025,0.714,0.857,0,0,1,0,0.143,0.286,0.214,0.357,0.0,0.8,0.8,0,0.833,0.381,0,0.381,-0.13
1026,0.714,0.857,0,0,0,1,0.143,0.286,0.214,0.357,0.571,0.8,0.8,0,0.833,0.0,0,0.0,-0.13
1027,0.143,0.571,1,0,0,0,0.0,0.0,0.0,0.0,0.0,0.4,0.2,0,0.0,0.667,0,1.333,0.05
1028,0.143,0.571,0,1,0,0,0.929,0.357,0.571,0.0,0.0,0.6,0.2,0,0.0,0.0,0,0.5,0.05
1029,0.5,0.929,1,0,0,0,0.0,0.0,0.0,0.0,0.0,0.2,0.2,0,0.167,0.833,1,0.0,-0.01
1030,0.429,0.357,1,0,0,0,0.0,0.0,0.0,0.0,0.0,0.2,0.4,0,0.333,0.333,0,0.222,0.115
1031,0.429,0.357,0,1,0,0,0.643,0.571,0.357,0.0,0.0,0.4,0.4,1,0.333,0.0,0,0.0,0.115
1032,0.429,0.357,0,0,1,0,0.643,0.571,0.357,0.429,0.0,0.4,0.4,1,0.333,0.0,0,0.273,0.115
1033,0.643,0.214,1,0,0,0,0.0,0.0,0.0,0.0,0.0,0.2,0.2,0,0.0,0.667,1,0.0,0.0
1034,0.643,0.643,1,0,0,0,0.0,0.0,0.0,0.0,0.0,0.2,0.2,0,0.167,0.833,0,0.667,0.45
1035,0.643,0.643,0,1,0,0,0.429,0.143,0.429,0.0,0.0,0.4,0.2,0,0.167,0.0,0,0.0,0.45
1036,0.643,0.643,0,1,0,0,0.429,0.143,0.429,0.0,0.0,0.4,0.2,0,0.167,0.375,0,0.375,0.45
1037,0.643,0.643,0,0,1,0,0.429,0.143,0.429,0.643,0.0,0.4,0.2,0,0.167,0.0,0,0.0,0.45
1038,0.643,0.643,0,0,1,0,0.429,0.143,0.429,0.643,0.0,0.4,0.2,0,0.167,0.353,0,0.353,0.45
1039,0.643,0.643,0,0,0,1,0.429,0.143,0.429,0.643,0.357,0.4,0.4,0,0.167,0.0,0,0.522,0.45
1040,0.929,1.0,1,0,0,0,0.0,0.0,0.0,0.0,0.0,0.4,0.4,0,0.333,0.455,0,1.0,0.165
1041,0.929,1.0,0,1,0,0,0.857,0.357,0.929,0.0,0.0,0.4,0.6,0,0.333,0.0,0,0.586,0.165
1042,0.357,0.786,1,0,0,0,0.0,0.0,0.0,0.0,0.0,0.2,0.2,0,0.5,0.667,1,0.0,0.0
1043,0.286,0.5,1,0,0,0,0.0,0.0,0.0,0.0,0.0,0.4,0.2,0,0.667,0.667,0,0.667,0.025
1044,0.286,0.5,0,1,0,0,0.714,1.0,0.929,0.0,0.0,0.8,0.4,0,0.667,0.0,0,0.0,0.025
1045,0.286,0.5,0,0,1,0,0.714,1.0,0.929,0.143,0.0,0.8,0.4,0,0.667,0.0,0,0.4,0.025
1046,0.214,0.929,1,0,0,0,0.0,0.0,0.0,0.0,0.0,0.2,0.2,0,0.0,0.857,1,0.0,0.0
1047,0.786,0.929,1,0,0,0,0.0,0.0,0.0,0.0,0.0,0.2,0.2,0,0.167,0.833,0,0.667,0.095
1048,0.786,0.929,0,1,0,0,0.214,0.929,0.5,0.0,0.0,0.4,0.2,0,0.167,0.0,0,0.0,0.095
1049,0.786,0.929,0,1,0,0,0.214,0.929,0.5,0.0,0.0,0.4,0.2,0,0.167,0.286,0,0.286,0.095
1050,0.786,0.929,0,0,1,0,0.214,0.929,0.5,0.5,0.0,0.6,0.2,0,0.167,0.0,0,0.278,0.095
1051,0.286,0.929,1,0,0,0,0.0,0.0,0.0,0.0,0.0,0.2,0.2,0,0.333,0.833,1,0.0,-0.02
1052,0.214,1.0,1,0,0,0,0.0,0.0,0.0,0.0,0.0,0.2,0.2,0,0.5,0.667,0,0.667,0.025
1053,0.214,1.0,0,1,0,0,0.214,0.5,0.786,0.0,0.0,0.6,0.2,0,0.5,0.0,0,0.4,0.025
1054,0.5,0.357,1,0,0,0,0.0,0.0,0.0,0.0,0.0,0.2,0.2,0,0.667,0.833,1,0.0,0.0
1055,0.286,0.643,1,0,0,0,0.0,0.0,0.0,0.0,0.0,0.2,0.2,0,0.0,0.667,1,0.0,0.0
1056,0.143,1.0,1,0,0,0,0.0,0.0,0.0,0.0,0.0,0.2,0.4,0,0.167,0.667,0,1.333,-0.03
1057,0.643,0.429,1,0,0,0,0.0,0.0,0.0,0.0,0.0,0.2,0.2,0,0.333,0.8,0,0.4,0.045
1058,0.643,0.429,0,1,0,0,0.143,0.571,0.786,0.0,0.0,0.6,0.4,0,0.333,0.0,0,0.0,0.045
1059,0.643,0.429,0,0,1,0,0.143,0.571,0.786,0.714,0.0,0.6,0.8,1,0.333,0.0,0,0.429,0.045
1060,1.0,1.0,1,0,0,0,0.0,0.0,0.0,0.0,0.0,0.2,0.2,0,0.5,0.667,0,1.333,0.09
1061,1.0,1.0,0,1,0,0,0.571,0.429,0.929,0.0,0.0,0.6,0.4,0,0.5,0.0,0,0.0,0.09
1062,1.0,1.0,0,0,1,0,0.571,0.429,0.929,0.429,0.0,0.6,0.4,0,0.5,0.0,0,0.444,0.09
1063,1.0,1.0,0,0,0,1,0.571,0.429,0.929,0.429,0.571,0.6,0.4,0,0.5,0.0,0,0.412,0.09
1064,0.786,0.143,1,0,0,0,0.0,0.0,0.0,0.0,0.0,0.2,0.2,0,0.667,0.667,1,0.0,0.0
1065,0.143,0.286,1,0,0,0,0.0,0.0,0.0,0.0,0.0,0.2,0.2,0,0.833,0.667,1,0.0,0.0
1066,0.143,0.929,1,0,0,0,0.0,0.0,0.0,0.0,0.0,0.2,0.2,0,0.0,0.667,1,0.0,0.0
1067,1.0,0.429,1,0,0,0,0.0,0.0,0.0,0.0,0.0,0.2,0.2,0,0.167,0.667,0,1.333,-0.03
1068,0.5,0.857,1,0,0,0,0.0,0.0,0.0,0.0,0.0,0.2,0.2,0,0.333,0.824,1,0.0,-0.02
1069,0.571,0.714,1,0,0,0,0.0,0.0,0.0,0.0,0.0,0.2,0.2,0,0.5,0.667,1,0.0,0.0
1070,0.929,0.643,1,0,0,0,0.0,0.0,0.0,0.0,0.0,0.2,0.2,0,0.667,0.833,1,0.0,0.0
1071,0.571,0.143,1,0,0,0,0.0,0.0,0.0,0.0,0.0,0.4,0.2,0,0.833,0.857,1,0.0,0.0
1072,0.5,0.571,1,0,0,0,0.0,0.0,0.0,0.0,0.0,0.2,0.4,0,0.0,0.857,1,0.0,0.0
1073,0.214,0.571,1,0,0,0,0.0,0.0,0.0,0.0,0.0,0.2,0.2,0,0.167,0.857,1,0.0,-0.01
1074,0.214,1.0,1,0,0,0,0.0,0.0,0.0,0.0,0.0,0.2,0.2,0,0.333,0.833,0,0.5,-0.09
1075,0.214,1.0,0,1,0,0,0.643,0.571,0.143,0.0,0.0,0.6,0.6,0,0.333,0.0,0,0.0,-0.09
1076,0.214,1.0,0,1,0,0,0.643,0.571,0.143,0.0,0.0,0.6,0.6,0,0.333,0.308,0,0.308,-0.09
1077,0.214,1.0,0,0,1,0,0.643,0.571,0.143,0.214,0.0,0.6,0.6,0,0.333,0.0,0,0.0,-0.09
1078,0.214,1.0,0,0,1,0,0.643,0.571,0.143,0.214,0.0,0.6,0.6,0,0.333,0.595,1,0.0,-0.09
1079,0.571,0.429,1,0,0,0,0.0,0.0,0.0,0.0,0.0,0.2,0.2,0,0.333,0.8,0,0.4,0.045
1080,0.571,0.429,0,1,0,0,0.857,0.143,0.286,0.0,0.0,0.4,0.2,0,0.333,0.0,0,0.0,0.045
1081,0.571,0.429,0,0,1,0,0.857,0.143,0.286,0.143,0.0,0.4,0.2,0,0.333,0.0,0,0.429,0.045
1082,0.571,0.714,1,0,0,0,0.0,0.0,0.0,0.0,0.0,0.2,0.2,0,0.5,0.667,1,0.0,0.0
1083,0.5,1.0,1,0,0,0,0.0,0.0,0.0,0.0,0.0,0.2,0.2,0,0.667,0.667,0,0.667,0.545
1084,0.5,1.0,0,1,0,0,1.0,0.429,0.857,0.0,0.0,0.4,0.4,0,0.667,0.333,0,1.0,0.545
1085,0.5,1.0,0,0,1,0,1.0,0.429,0.857,0.5,0.0,0.4,0.4,0,0.667,0.0,0,0.25,0.545
1086,0.5,1.0,0,0,0,1,1.0,0.429,0.857,0.5,0.143,0.6,0.4,0,0.667,0.0,0,0.833,0.545
1087,0.714,0.857,1,0,0,0,0.0,0.0,0.0,0.0,0.0,0.2,0.2,0,0.833,0.667,0,1.333,0.045
1088,0.714,0.857,0,1,0,0,1.0,0.286,0.429,0.0,0.0,0.6,0.2,0,0.833,0.0,0,0.429,0.045
1089,0.143,0.429,1,0,0,0,0.0,0.0,0.0,0.0,0.0,0.2,0.2,0,0.0,0.667,0,1.333,-0.02
1090,0.143,0.429,0,1,0,0,0.643,1.0,0.929,0.0,0.0,0.4,0.4,0,0.0,0.0,0,0.0,-0.02
1091,0.143,0.429,0,0,1,0,0.643,1.0,0.929,0.5,0.0,0.6,0.4,0,0.0,0.0,0,0.0,-0.02
1092,0.143,0.429,0,0,0,1,0.643,1.0,0.929,0.5,0.857,0.6,0.6,0,0.0,0.0,0,0.0,-0.02
1093,0.5,0.214,1,0,0,0,0.0,0.0,0.0,0.0,0.0,0.2,0.2,0,0.167,0.857,1,0.0,-0.01
1094,0.714,0.429,1,0,0,0,0.0,0.0,0.0,0.0,0.0,0.2,0.2,0,0.333,0.8,0,0.4,-0.04
1095,0.714,0.429,0,1,0,0,0.429,0.857,1.0,0.0,0.0,0.4,0.2,0,0.333,0.0,0,0.0,-0.04
1096,0.714,0.429,0,1,0,0,0.429,0.857,1.0,0.0,0.0,0.4,0.2,0,0.333,0.417,1,0.0,-0.04
1097,0.429,0.714,1,0,0,0,0.0,0.0,0.0,0.0,0.0,0.4,0.2,0,0.667,0.667,1,0.0,0.0
1098,0.643,0.857,1,0,0,0,0.0,0.0,0.0,0.0,0.0,0.2,0.2,0,0.833,0.667,0,1.333,-0.02
1099,0.429,0.214,1,0,0,0,0.0,0.0,0.0,0.0,0.0,0.2,0.2,0,0.0,0.667,0,1.333,-0.05
1100,0.429,0.214,0,1,0,0,0.786,0.857,0.714,0.0,0.0,0.4,0.6,0,0.0,0.0,0,0.429,-0.05
1101,0.429,0.214,0,0,1,0,0.786,0.857,0.714,0.143,0.0,0.4,0.6,0,0.0,0.0,0,0.0,-0.05
1102,0.429,0.214,0,0,0,1,0.786,0.857,0.714,0.143,0.5,0.6,0.6,0,0.0,0.381,1,0.0,-0.05
1103,0.429,0.571,1,0,0,0,0.0,0.0,0.0,0.0,0.0,0.2,0.2,0,0.167,0.667,1,0.0,-0.01
1104,0.143,0.643,1,0,0,0,0.0,0.0,0.0,0.0,0.0,0.2,0.2,0,0.333,0.462,1,0.0,-0.02
1105,0.143,0.714,1,0,0,0,0.0,0.0,0.0,0.0,0.0,0.2,0.2,0,0.5,0.667,1,0.0,0.0
1106,0.714,0.571,1,0,0,0,0.0,0.0,0.0,0.0,0.0,0.2,0.2,0,0.667,0.667,1,0.0,0.0
1107,0.571,0.857,1,0,0,0,0.0,0.0,0.0,0.0,0.0,0.4,0.2,0,0.0,0.667,0,1.333,0.155
1108,0.571,0.857,0,1,0,0,1.0,0.571,0.643,0.0,0.0,0.4,0.4,0,0.0,0.0,0,0.0,0.155
1109,0.571,0.857,0,0,1,0,1.0,0.571,0.643,0.786,0.0,0.6,0.4,1,0.0,0.0,0,0.5,0.155
1110,0.571,0.857,0,0,0,1,1.0,0.571,0.643,0.786,0.714,0.6,1.0,1,0.0,0.273,0,0.727,0.155
1111,0.786,0.286,1,0,0,0,0.0,0.0,0.0,0.0,0.0,0.2,0.2,0,0.167,0.667,0,1.333,0.04
1112,0.786,0.286,0,1,0,0,0.929,0.929,0.286,0.0,0.0,0.4,0.2,0,0.167,0.0,0,0.0,0.04
1113,0.786,0.286,0,0,1,0,0.929,0.929,0.286,0.571,0.0,0.4,0.2,0,0.167,0.0,0,0.429,0.04
1114,0.214,0.5,1,0,0,0,0.0,0.0,0.0,0.0,0.0,0.2,0.2,0,0.333,0.4,1,0.0,-0.02
1115,0.714,1.0,1,0,0,0,0.0,0.0,0.0,0.0,0.0,0.2,0.2,0,0.5,0.667,0,1.333,-0.02
1116,0.714,1.0,1,0,0,0,0.0,0.0,0.0,0.0,0.0,0.2,0.2,0,0.5,0.526,1,-0.211,-0.02
1117,0.857,0.357,1,0,0,0,0.0,0.0,0.0,0.0,0.0,0.2,0.2,0,0.667,0.667,1,0.0,0.0
1118,0.143,0.786,1,0,0,0,0.0,0.0,0.0,0.0,0.0,0.2,0.2,0,0.833,0.667,1,0.0,0.0
1119,0.714,0.357,1,0,0,0,0.0,0.0,0.0,0.0,0.0,0.2,0.2,0,0.0,0.444,1,0.0,0.0
1120,0.5,1.0,1,0,0,0,0.0,0.0,0.0,0.0,0.0,0.2,0.2,0,0.333,0.857,1,0.0,-0.01
1121,0.643,0.357,1,0,0,0,0.0,0.0,0.0,0.0,0.0,0.4,0.2,0,0.5,0.4,0,0.0,0.025
1122,0.643,0.357,0,1,0,0,0.5,0.286,0.143,0.0,0.0,0.4,0.4,0,0.5,0.0,0,0.0,0.025
1123,0.643,0.357,0,0,1,0,0.5,0.286,0.143,0.5,0.0,0.4,0.4,0,0.5,0.0,0,0.0,0.025
1124,0.643,0.357,0,0,0,1,0.5,0.286,0.143,0.5,1.0,0.4,0.4,1,0.5,0.0,0,0.4,0.025
1125,1.0,0.714,1,0,0,0,0.0,0.0,0.0,0.0,0.0,0.2,0.2,0,0.667,0.667,0,1.333,-0.02
1126,0.786,0.643,1,0,0,0,0.0,0.0,0.0,0.0,0.0,0.2,0.2,0,0.833,0.667,0,0.667,0.085
1127,0.786,0.643,1,0,0,0,0.0,0.0,0.0,0.0,0.0,0.2,0.2,0,0.833,0.545,0,0.364,0.085
1128,0.786,0.643,0,1,0,0,0.643,0.214,0.857,0.0,0.0,0.4,0.4,0,0.833,0.0,0,0.0,0.085
1129,0.786,0.643,0,0,1,0,0.643,0.214,0.857,0.786,0.0,0.4,0.4,0,0.833,0.0,0,0.353,0.085
1130,0.143,0.214,1,0,0,0,0.0,0.0,0.0,0.0,0.0,0.4,0.4,0,0.0,0.667,0,1.333,-0.06
1131,0.143,0.214,0,1,0,0,0.714,0.571,0.643,0.0,0.0,0.4,0.6,0,0.0,0.0,0,0.4,-0.06
1132,0.143,0.214,0,0,1,0,0.714,0.571,0.643,0.857,0.0,0.4,0.6,1,0.0,0.0,0,0.0,-0.06
1133,0.143,0.214,0,0,0,1,0.714,0.571,0.643,0.857,0.429,0.4,0.6,1,0.0,0.28,1,0.0,-0.06
1134,0.929,0.286,1,0,0,0,0.0,0.0,0.0,0.0,0.0,0.2,0.2,0,0.333,0.222,0,0.0,-0.02
1135,0.929,0.286,0,1,0,0,0.357,0.571,0.857,0.0,0.0,0.6,0.4,0,0.333,0.0,0,0.0,-0.02
1136,0.929,0.286,0,0,1,0,0.357,0.571,0.857,0.643,0.0,0.6,0.4,0,0.333,0.0,0,0.0,-0.02
1137,0.929,0.286,0,0,1,0,0.357,0.571,0.857,0.643,0.0,0.6,0.4,0,0.333,0.25,1,0.0,-0.02
1138,0.429,0.571,1,0,0,0,0.0,0.0,0.0,0.0,0.0,0.2,0.2,0,0.5,0.667,1,0.0,0.0
1139,0.929,0.857,1,0,0,0,0.0,0.0,0.0,0.0,0.0,0.4,0.4,0,0.667,0.667,0,1.333,-0.16
1140,0.929,0.857,0,1,0,0,0.643,0.643,0.714,0.0,0.0,0.4,0.4,1,0.667,0.0,0,0.0,-0.16
1141,0.929,0.857,0,1,0,0,0.643,0.643,0.714,0.0,0.0,0.4,0.4,1,0.667,0.308,0,0.308,-0.16
1142,0.929,0.857,0,0,1,0,0.643,0.643,0.714,0.5,0.0,0.6,0.4,1,0.667,0.0,0,0.0,-0.16
1143,0.929,0.857,0,0,0,1,0.643,0.643,0.714,0.5,0.429,0.8,0.4,1,0.667,0.0,0,0.588,-0.16
1144,0.357,0.143,1,0,0,0,0.0,0.0,0.0,0.0,0.0,0.4,0.2,0,0.833,0.667,1,0.0,0.0
1145,1.0,0.286,1,0,0,0,0.0,0.0,0.0,0.0,0.0,0.2,0.2,0,0.0,0.667,0,1.333,-0.02
1146,1.0,0.286,0,1,0,0,0.357,0.857,0.357,0.0,0.0,0.4,0.4,0,0.0,0.222,1,0.0,-0.02
1147,0.643,1.0,1,0,0,0,0.0,0.0,0.0,0.0,0.0,0.2,0.2,0,0.167,0.667,0,1.333,0.04
1148,0.643,1.0,0,1,0,0,0.357,0.357,0.214,0.0,0.0,0.6,0.2,0,0.167,0.0,0,0.0,0.04
1149,0.643,1.0,0,0,1,0,0.357,0.357,0.214,0.571,0.0,0.6,0.4,0,0.167,0.0,0,0.0,0.04
1150,0.643,1.0,0,0,0,1,0.357,0.357,0.214,0.571,0.571,0.6,0.4,0,0.167,0.0,0,0.0,0.04
1151,0.429,0.286,1,0,0,0,0.0,0.0,0.0,0.0,0.0,0.2,0.2,0,0.833,0.4,0,0.0,0.045
1152,0.429,0.286,0,1,0,0,0.571,0.429,0.214,0.0,0.0,0.4,0.4,0,0.833,0.0,0,0.4,0.045
1153,0.429,0.286,0,0,1,0,0.571,0.429,0.214,0.714,0.0,0.4,0.4,0,0.833,0.0,0,0.0,0.045
1154,0.429,0.286,0,0,0,1,0.571,0.429,0.214,0.714,0.357,0.6,0.8,1,0.833,0.0,0,0.0,0.045
1155,0.643,1.0,1,0,0,0,0.0,0.0,0.0,0.0,0.0,0.2,0.2,0,0.667,0.667,1,0.0,0.0
1156,0.929,0.786,1,0,0,0,0.0,0.0,0.0,0.0,0.0,0.4,0.2,0,0.833,0.8,0,0.8,-0.27999999999999997
1157,0.929,0.786,0,1,0,0,0.643,1.0,0.429,0.0,0.0,0.8,0.4,0,0.833,0.4,0,0.4,-0.27999999999999997
1158,0.929,0.786,0,0,1,0,0.643,1.0,0.429,0.357,0.0,0.8,0.4,0,0.833,0.462,0,0.462,-0.27999999999999997
1159,0.929,0.786,0,0,0,1,0.643,1.0,0.429,0.357,0.714,0.8,0.6,1,0.833,0.406,1,0.0,-0.27999999999999997
1160,0.857,0.571,1,0,0,0,0.0,0.0,0.0,0.0,0.0,0.2,0.2,0,0.0,0.857,1,0.0,0.0
1161,0.857,1.0,1,0,0,0,0.0,0.0,0.0,0.0,0.0,0.2,0.2,0,0.167,0.667,0,1.333,-0.03
1162,0.643,0.857,1,0,0,0,0.0,0.0,0.0,0.0,0.0,0.2,0.2,0,0.5,0.667,0,0.667,0.025
1163,0.643,0.857,0,1,0,0,0.714,0.643,0.929,0.0,0.0,0.6,0.4,1,0.5,0.0,0,0.4,0.025
1164,0.643,0.929,1,0,0,0,0.0,0.0,0.0,0.0,0.0,0.2,0.2,0,0.667,0.667,0,1.333,-0.07
1165,0.643,0.929,0,1,0,0,0.429,0.143,1.0,0.0,0.0,0.4,0.4,0,0.667,0.0,0,0.455,-0.07
1166,0.643,0.929,0,0,1,0,0.429,0.143,1.0,0.214,0.0,0.4,0.6,0,0.667,0.0,0,0.0,-0.07
1167,0.643,0.929,0,0,1,0,0.429,0.143,1.0,0.214,0.0,0.4,0.6,0,0.667,0.462,1,0.0,-0.07
1168,0.571,0.643,1,0,0,0,0.0,0.0,0.0,0.0,0.0,0.2,0.4,0,0.833,0.667,1,0.0,0.0
1169,0.714,0.286,1,0,0,0,0.0,0.0,0.0,0.0,0.0,0.4,0.2,0,0.0,0.857,1,0.0,0.0
1170,0.143,0.571,1,0,0,0,0.0,0.0,0.0,0.0,0.0,0.2,0.2,0,0.167,0.4,1,0.0,-0.01
1171,0.571,1.0,1,0,0,0,0.0,0.0,0.0,0.0,0.0,0.4,0.2,0,0.5,0.667,0,0.667,-0.04
1172,0.571,1.0,1,0,0,0,0.0,0.0,0.0,0.0,0.0,0.4,0.2,0,0.5,0.222,0,0.0,-0.04
1173,0.571,1.0,0,1,0,0,0.929,0.714,0.5,0.0,0.0,0.6,0.4,0,0.5,0.353,1,0.0,-0.04
1174,0.929,0.571,1,0,0,0,0.0,0.0,0.0,0.0,0.0,0.4,0.2,0,0.667,0.667,0,0.667,-0.18
1175,0.929,0.571,0,1,0,0,0.5,0.714,0.143,0.0,0.0,0.8,0.4,0,0.667,0.429,0,0.429,-0.18
1176,0.929,0.571,0,0,1,0,0.5,0.714,0.143,0.5,0.0,1.0,0.4,0,0.667,0.0,0,0.0,-0.18
1177,0.929,0.571,0,0,0,1,0.5,0.714,0.143,0.5,0.714,1.0,0.4,0,0.667,0.278,0,0.278,-0.18
1178,0.214,0.143,1,0,0,0,0.0,0.0,0.0,0.0,0.0,0.4,0.4,0,0.833,0.667,1,0.0,0.0
1179,0.857,0.714,1,0,0,0,0.0,0.0,0.0,0.0,0.0,0.2,0.2,0,0.0,0.667,0,1.333,-0.02
1180,0.857,0.714,1,0,0,0,0.0,0.0,0.0,0.0,0.0,0.2,0.2,0,0.0,0.615,1,-0.308,-0.02
1181,0.643,0.429,1,0,0,0,0.0,0.0,0.0,0.0,0.0,0.2,0.2,0,0.167,0.857,1,0.0,-0.01
1182,1.0,0.714,1,0,0,0,0.0,0.0,0.0,0.0,0.0,0.4,0.2,0,0.5,0.667,0,1.333,-0.02
1183,0.714,0.786,1,0,0,0,0.0,0.0,0.0,0.0,0.0,0.2,0.4,0,0.667,0.667,0,1.333,-0.02
1184,0.714,0.357,1,0,0,0,0.0,0.0,0.0,0.0,0.0,0.2,0.2,0,0.833,0.929,1,0.0,0.0
1185,0.929,0.857,1,0,0,0,0.0,0.0,0.0,0.0,0.0,0.2,0.4,0,0.0,0.667,0,1.333,0.09
1186,0.929,0.857,0,1,0,0,0.571,0.286,1.0,0.0,0.0,0.4,0.6,0,0.0,0.0,0,0.5,0.09
1187,0.929,0.857,0,0,1,0,0.571,0.286,1.0,0.857,0.0,0.4,0.6,0,0.0,0.0,0,0.375,0.09
1188,0.929,0.357,1,0,0,0,0.0,0.0,0.0,0.0,0.0,0.2,0.2,0,0.167,0.571,1,0.0,-0.01
1189,0.143,0.357,1,0,0,0,0.0,0.0,0.0,0.0,0.0,0.2,0.2,0,0.333,0.833,0,0.5,0.055
1190,0.143,0.357,0,1,0,0,1.0,0.214,0.714,0.0,0.0,0.8,0.6,1,0.333,0.0,0,0.0,0.055
1191,0.143,0.357,0,0,1,0,1.0,0.214,0.714,0.357,0.0,0.8,0.6,1,0.333,0.0,0,0.444,0.055
1192,0.929,0.5,1,0,0,0,0.0,0.0,0.0,0.0,0.0,0.2,0.2,0,0.0,0.667,1,0.0,0.0
1193,0.857,0.857,1,0,0,0,0.0,0.0,0.0,0.0,0.0,0.2,0.2,0,0.167,0.967,0,2.924,0.85
1194,1.0,0.786,1,0,0,0,0.0,0.0,0.0,0.0,0.0,0.2,0.2,0,0.5,0.667,0,1.333,0.235
1195,1.0,0.786,1,0,0,0,0.0,0.0,0.0,0.0,0.0,0.2,0.2,0,0.5,0.375,0,1.125,0.235
1196,1.0,0.786,0,1,0,0,0.429,0.643,0.714,0.0,0.0,0.6,0.6,0,0.5,0.0,0,0.0,0.235
1197,1.0,0.786,0,0,1,0,0.429,0.643,0.714,0.929,0.0,0.6,0.6,1,0.5,0.0,0,0.5,0.235
1198,1.0,0.786,0,0,0,1,0.429,0.643,0.714,0.929,0.429,0.6,0.6,1,0.5,0.0,0,0.625,0.235
1199,0.857,0.643,1,0,0,0,0.0,0.0,0.0,0.0,0.0,0.2,0.2,0,0.667,0.4,0,0.8,-0.02
1200,0.786,0.643,1,0,0,0,0.0,0.0,0.0,0.0,0.0,0.2,0.2,0,0.0,0.667,0,1.333,0.045
1201,0.786,0.643,0,1,0,0,0.214,0.643,0.714,0.0,0.0,0.4,0.6,0,0.0,0.0,0,0.429,0.045
1202,0.5,0.929,1,0,0,0,0.0,0.0,0.0,0.0,0.0,0.4,0.2,0,0.167,0.444,0,0.333,-0.11
1203,0.5,0.929,0,1,0,0,0.286,0.714,0.143,0.0,0.0,0.6,0.2,0,0.167,0.0,0,0.0,-0.11
1204,0.5,0.929,0,1,0,0,0.286,0.714,0.143,0.0,0.0,0.6,0.2,0,0.167,0.368,0,0.368,-0.11
1205,0.5,0.929,0,0,1,0,0.286,0.714,0.143,0.143,0.0,0.6,0.2,0,0.167,0.0,0,0.0,-0.11
1206,0.5,0.929,0,0,1,0,0.286,0.714,0.143,0.143,0.0,0.6,0.2,0,0.167,0.366,1,0.0,-0.11
1207,0.286,0.929,1,0,0,0,0.0,0.0,0.0,0.0,0.0,0.4,0.2,0,0.333,0.444,0,0.222,-0.04
1208,0.286,0.929,0,1,0,0,0.357,0.429,0.571,0.0,0.0,0.4,0.6,1,0.333,0.0,0,0.0,-0.04
1209,0.286,0.929,0,0,1,0,0.357,0.429,0.571,1.0,0.0,0.4,0.6,1,0.333,0.0,0,0.0,-0.04
1210,0.286,0.929,0,0,1,0,0.357,0.429,0.571,1.0,0.0,0.4,0.6,1,0.333,0.389,1,0.0,-0.04
1211,0.714,0.929,1,0,0,0,0.0,0.0,0.0,0.0,0.0,0.2,0.2,0,0.5,0.667,0,1.333,-0.06
1212,0.714,0.929,0,1,0,0,0.429,0.643,0.214,0.0,0.0,0.6,0.4,0,0.5,0.0,0,0.0,-0.06
1213,0.714,0.929,0,0,1,0,0.429,0.643,0.214,0.5,0.0,0.8,0.4,1,0.5,0.0,0,0.0,-0.06
1214,0.714,0.929,0,0,0,1,0.429,0.643,0.214,0.5,0.357,0.8,0.6,1,0.5,0.0,0,0.444,-0.06
1215,0.5,1.0,1,0,0,0,0.0,0.0,0.0,0.0,0.0,0.4,0.2,0,0.667,0.667,0,1.333,-0.07
1216,0.5,1.0,1,0,0,0,0.0,0.0,0.0,0.0,0.0,0.4,0.2,0,0.667,0.357,0,0.071,-0.07
1217,0.5,1.0,0,1,0,0,0.571,0.786,0.286,0.0,0.0,0.4,0.4,0,0.667,0.0,0,0.0,-0.07
1218,0.5,1.0,0,1,0,0,0.571,0.786,0.286,0.0,0.0,0.4,0.4,0,0.667,0.314,1,0.0,-0.07
1219,0.857,0.714,1,0,0,0,0.0,0.0,0.0,0.0,0.0,0.2,0.2,0,0.833,0.667,0,1.333,0.11
1220,0.857,0.714,0,1,0,0,0.214,0.143,0.429,0.0,0.0,0.4,0.4,0,0.833,0.0,0,0.0,0.11
1221,0.857,0.714,0,0,1,0,0.214,0.143,0.429,0.714,0.0,0.6,0.4,0,0.833,0.0,0,0.455,0.11
1222,0.857,0.714,0,0,0,1,0.214,0.143,0.429,0.714,0.571,0.6,0.4,0,0.833,0.0,0,0.0,0.11
1223,0.429,0.357,1,0,0,0,0.0,0.0,0.0,0.0,0.0,0.4,0.4,0,0.0,0.667,0,1.333,-0.02
1224,0.429,0.357,1,0,0,0,0.0,0.0,0.0,0.0,0.0,0.4,0.4,0,0.0,0.68,1,-0.16,-0.02
1225,1.0,0.214,1,0,0,0,0.0,0.0,0.0,0.0,0.0,0.2,0.2,0,0.167,0.8,0,0.6,-0.08
1226,1.0,0.214,0,1,0,0,0.857,0.357,0.5,0.0,0.0,0.6,0.2,0,0.167,0.0,0,0.0,-0.08
1227,1.0,0.214,0,0,1,0,0.857,0.357,0.5,0.143,0.0,0.6,0.6,1,0.167,0.0,0,0.0,-0.08
1228,1.0,0.214,0,0,0,1,0.857,0.357,0.5,0.143,0.929,0.6,0.6,1,0.167,0.0,0,0.4,-0.08
1229,0.857,0.714,1,0,0,0,0.0,0.0,0.0,0.0,0.0,0.2,0.2,0,0.333,0.952,0,0.857,0.73
1230,0.857,0.714,0,1,0,0,0.929,0.143,1.0,0.0,0.0,0.6,0.6,1,0.333,0.0,0,0.0,0.73
1231,0.857,0.714,0,1,0,0,0.929,0.143,1.0,0.0,0.0,0.6,0.6,1,0.333,0.381,0,0.381,0.73
1232,0.857,0.714,0,0,1,0,0.929,0.143,1.0,0.643,0.0,0.8,0.6,1,0.333,0.0,0,0.356,0.73
1233,0.857,0.714,0,0,0,1,0.929,0.143,1.0,0.643,1.0,1.0,0.6,1,0.333,0.0,0,0.852,0.73
1234,0.143,0.5,1,0,0,0,0.0,0.0,0.0,0.0,0.0,0.2,0.2,0,0.5,0.667,1,0.0,0.0
1235,0.643,0.143,1,0,0,0,0.0,0.0,0.0,0.0,0.0,0.2,0.2,0,0.667,0.667,1,0.0,0.0
1236,0.286,0.786,1,0,0,0,0.0,0.0,0.0,0.0,0.0,0.2,0.2,0,0.833,0.667,1,0.0,0.0
1237,0.857,1.0,1,0,0,0,0.0,0.0,0.0,0.0,0.0,0.2,0.2,0,0.0,0.667,0,1.333,-0.02
1238,0.429,0.5,1,0,0,0,0.0,0.0,0.0,0.0,0.0,0.4,0.4,0,0.167,0.667,0,0.333,0.21
1239,0.429,0.5,0,1,0,0,0.929,0.857,0.5,0.0,0.0,0.4,0.4,0,0.167,0.0,0,0.0,0.21
1240,0.429,0.5,0,0,1,0,0.929,0.857,0.5,0.286,0.0,0.4,0.4,0,0.167,0.0,0,0.0,0.21
1241,0.429,0.5,0,0,0,1,0.929,0.857,0.5,0.286,0.5,0.6,0.4,0,0.167,0.0,0,0.5,0.21
1242,0.429,0.5,0,0,0,1,0.929,0.857,0.5,0.286,0.5,0.6,0.4,0,0.167,0.75,0,0.667,0.21
1243,1.0,0.929,1,0,0,0,0.0,0.0,0.0,0.0,0.0,0.2,0.4,0,0.333,0.4,0,0.8,0.045
1244,1.0,0.929,0,1,0,0,0.143,0.214,0.857,0.0,0.0,0.6,0.6,0,0.333,0.0,0,0.0,0.045
1245,1.0,0.929,0,0,1,0,0.143,0.214,0.857,0.286,0.0,0.8,0.8,0,0.333,0.0,0,0.333,0.045
1246,0.357,0.429,1,0,0,0,0.0,0.0,0.0,0.0,0.0,0.4,0.4,0,0.5,0.667,1,0.0,0.0
1247,0.786,0.571,1,0,0,0,0.0,0.0,0.0,0.0,0.0,0.2,0.2,0,0.667,0.667,0,1.333,-0.13
1248,0.786,0.571,0,1,0,0,0.357,0.929,0.429,0.0,0.0,0.6,0.4,0,0.667,0.0,0,0.0,-0.13
1249,0.786,0.571,0,0,1,0,0.357,0.929,0.429,0.714,0.0,0.6,0.4,0,0.667,0.0,0,0.429,-0.13
1250,0.786,0.571,0,0,0,1,0.357,0.929,0.429,0.714,0.929,0.6,0.4,0,0.667,0.0,0,0.615,-0.13
1251,0.429,0.714,1,0,0,0,0.0,0.0,0.0,0.0,0.0,0.2,0.2,0,0.833,0.667,1,0.0,0.0
1252,0.786,1.0,1,0,0,0,0.0,0.0,0.0,0.0,0.0,0.4,0.2,0,0.0,0.667,0,1.333,0.275
1253,0.786,1.0,1,0,0,0,0.0,0.0,0.0,0.0,0.0,0.4,0.2,0,0.0,0.652,0,0.478,0.275
1254,0.786,1.0,0,1,0,0,0.143,0.357,0.357,0.0,0.0,0.4,0.4,0,0.0,0.0,0,0.0,0.275
1255,0.786,1.0,0,0,1,0,0.143,0.357,0.357,0.357,0.0,0.6,0.4,0,0.0,0.0,0,0.0,0.275
1256,0.786,1.0,0,0,0,1,0.143,0.357,0.357,0.357,0.571,0.8,0.4,0,0.0,0.0,0,0.0,0.275
1257,0.143,0.857,1,0,0,0,0.0,0.0,0.0,0.0,0.0,0.2,0.2,0,0.167,0.455,1,0.0,-0.01
1258,0.143,1.0,1,0,0,0,0.0,0.0,0.0,0.0,0.0,0.2,0.4,0,0.333,0.7,0,0.5,-0.07
1259,0.143,1.0,0,1,0,0,0.786,0.357,0.786,0.0,0.0,0.4,0.4,0,0.333,0.0,0,0.0,-0.07
1260,0.143,1.0,0,0,1,0,0.786,0.357,0.786,0.643,0.0,0.4,0.4,0,0.333,0.0,0,0.0,-0.07
1261,0.143,1.0,0,0,1,0,0.786,0.357,0.786,0.643,0.0,0.4,0.4,0,0.333,0.355,1,0.0,-0.07
1262,1.0,0.5,1,0,0,0,0.0,0.0,0.0,0.0,0.0,0.2,0.2,0,0.667,0.667,0,0.667,-0.02
1263,1.0,0.5,1,0,0,0,0.0,0.0,0.0,0.0,0.0,0.2,0.2,0,0.667,0.556,1,-0.111,-0.02
1264,1.0,0.786,1,0,0,0,0.0,0.0,0.0,0.0,0.0,0.4,0.2,0,0.833,0.667,0,1.333,0.045
1265,1.0,0.786,0,1,0,0,0.714,0.143,0.429,0.0,0.0,0.4,0.4,0,0.833,0.0,0,0.429,0.045
1266,0.571,0.714,1,0,0,0,0.0,0.0,0.0,0.0,0.0,0.2,0.2,0,0.0,0.833,1,0.0,0.0
1267,0.357,0.571,1,0,0,0,0.0,0.0,0.0,0.0,0.0,0.2,0.2,0,0.167,0.4,1,0.0,-0.01
1268,0.571,0.214,1,0,0,0,0.0,0.0,0.0,0.0,0.0,0.2,0.2,0,0.333,0.222,0,0.0,-0.02
1269,0.571,0.214,0,1,0,0,0.786,0.857,1.0,0.0,0.0,0.4,0.4,0,0.333,0.0,0,0.0,-0.02
1270,0.571,0.214,0,0,1,0,0.786,0.857,1.0,0.786,0.0,0.4,0.4,0,0.333,0.0,0,0.0,-0.02
1271,0.571,0.214,0,0,0,1,0.786,0.857,1.0,0.786,0.286,0.4,0.4,0,0.333,0.0,0,0.0,-0.02
1272,0.571,0.214,0,0,0,1,0.786,0.857,1.0,0.786,0.286,0.4,0.4,0,0.333,0.69,1,0.0,-0.02
1273,0.429,0.357,1,0,0,0,0.0,0.0,0.0,0.0,0.0,0.2,0.4,0,0.5,0.667,1,0.0,0.0
1274,0.143,1.0,1,0,0,0,0.0,0.0,0.0,0.0,0.0,0.2,0.4,0,0.667,0.667,1,0.0,0.0
1275,0.857,0.714,1,0,0,0,0.0,0.0,0.0,0.0,0.0,0.2,0.2,0,0.833,0.667,0,1.333,-0.19
1276,0.857,0.714,1,0,0,0,0.0,0.0,0.0,0.0,0.0,0.2,0.2,0,0.833,0.375,0,-0.125,-0.19
1277,0.857,0.714,0,1,0,0,0.357,0.571,0.714,0.0,0.0,0.6,0.2,0,0.833,0.0,0,0.545,-0.19
1278,0.857,0.714,0,0,1,0,0.357,0.571,0.714,1.0,0.0,0.6,0.2,0,0.833,0.0,0,0.0,-0.19
1279,0.857,0.714,0,0,0,1,0.357,0.571,0.714,1.0,0.571,0.6,0.2,0,0.833,0.0,0,0.348,-0.19
1280,0.786,0.286,1,0,0,0,0.0,0.0,0.0,0.0,0.0,0.2,0.2,0,0.0,0.667,1,0.0,0.0
1281,0.357,0.143,1,0,0,0,0.0,0.0,0.0,0.0,0.0,0.4,0.2,0,0.167,0.4,0,0.2,-0.08
1282,0.357,0.143,0,1,0,0,0.286,0.214,0.214,0.0,0.0,0.4,0.8,0,0.167,0.0,0,0.0,-0.08
1283,0.357,0.143,0,0,1,0,0.286,0.214,0.214,0.786,0.0,0.4,0.8,0,0.167,0.0,0,0.333,-0.08
1284,0.357,0.143,0,0,0,1,0.286,0.214,0.214,0.786,0.643,0.4,0.8,0,0.167,0.0,0,0.4,-0.08
1285,0.714,0.357,1,0,0,0,0.0,0.0,0.0,0.0,0.0,0.4,0.2,0,0.333,0.444,0,0.222,-0.04
1286,0.714,0.357,0,1,0,0,1.0,1.0,0.143,0.0,0.0,0.6,0.4,0,0.333,0.0,0,0.0,-0.04
1287,0.714,0.357,0,1,0,0,1.0,1.0,0.143,0.0,0.0,0.6,0.4,0,0.333,0.211,1,0.0,-0.04
1288,0.214,0.5,1,0,0,0,0.0,0.0,0.0,0.0,0.0,0.2,0.2,0,0.5,0.667,1,0.0,0.0
1289,0.571,0.357,1,0,0,0,0.0,0.0,0.0,0.0,0.0,0.2,0.2,0,0.667,0.667,1,0.0,0.0
1290,0.857,0.429,1,0,0,0,0.0,0.0,0.0,0.0,0.0,0.2,0.2,0,0.833,0.667,1,0.0,0.0
1291,0.214,0.929,1,0,0,0,0.0,0.0,0.0,0.0,0.0,0.2,0.2,0,0.0,0.857,1,0.0,0.0
1292,0.429,0.857,1,0,0,0,0.0,0.0,0.0,0.0,0.0,0.4,0.2,0,0.167,0.444,0,0.333,-0.04
1293,0.429,0.857,0,1,0,0,0.5,0.714,0.929,0.0,0.0,0.6,0.4,0,0.167,0.0,0,0.0,-0.04
1294,0.429,0.857,0,0,1,0,0.5,0.714,0.929,0.643,0.0,0.6,0.4,1,0.167,0.0,0,0.0,-0.04
1295,0.429,0.857,0,0,1,0,0.5,0.714,0.929,0.643,0.0,0.6,0.4,1,0.167,0.231,1,0.0,-0.04
1296,0.214,0.143,1,0,0,0,0.0,0.0,0.0,0.0,0.0,0.2,0.4,0,0.333,0.857,1,0.0,-0.02
1297,0.143,0.929,1,0,0,0,0.0,0.0,0.0,0.0,0.0,0.2,0.2,0,0.833,0.667,1,0.0,0.0
1298,0.857,0.357,1,0,0,0,0.0,0.0,0.0,0.0,0.0,0.2,0.2,0,0.0,0.667,1,0.0,0.0
1299,0.143,1.0,1,0,0,0,0.0,0.0,0.0,0.0,0.0,0.4,0.4,0,0.167,0.8,0,0.6,0.05
1300,0.143,1.0,0,1,0,0,0.643,0.286,0.643,0.0,0.0,0.6,0.4,0,0.167,0.0,0,0.0,0.05
1301,0.143,1.0,0,0,1,0,0.643,0.286,0.643,0.429,0.0,0.8,0.4,0,0.167,0.0,0,0.5,0.05
1302,0.643,0.357,1,0,0,0,0.0,0.0,0.0,0.0,0.0,0.2,0.2,0,0.333,0.5,0,0.25,0.06
1303,0.643,0.357,0,1,0,0,0.643,0.429,0.143,0.0,0.0,0.4,0.4,0,0.333,0.0,0,0.4,0.06
1304,0.786,0.714,1,0,0,0,0.0,0.0,0.0,0.0,0.0,0.2,0.4,0,0.667,0.667,0,1.333,0.055
1305,0.786,0.714,0,1,0,0,0.143,0.571,0.929,0.0,0.0,0.4,0.4,0,0.667,0.0,0,0.0,0.055
1306,0.786,0.714,0,0,1,0,0.143,0.571,0.929,1.0,0.0,0.4,0.4,1,0.667,0.0,0,0.444,0.055
1307,0.357,0.714,1,0,0,0,0.0,0.0,0.0,0.0,0.0,0.2,0.2,0,0.833,0.667,1,0.0,0.0
1308,0.5,0.214,1,0,0,0,0.0,0.0,0.0,0.0,0.0,0.4,0.2,0,0.0,0.833,1,0.0,0.0
1309,0.286,0.214,1,0,0,0,0.0,0.0,0.0,0.0,0.0,0.2,0.4,0,0.167,0.963,1,0.0,-0.01
1310,0.571,0.357,1,0,0,0,0.0,0.0,0.0,0.0,0.0,0.2,0.2,0,0.333,0.8,0,0.4,-0.04
1311,0.571,0.357,0,1,0,0,0.786,0.857,0.214,0.0,0.0,0.4,0.4,0,0.333,0.0,0,0.0,-0.04
1312,0.571,0.357,0,1,0,0,0.786,0.857,0.214,0.0,0.0,0.4,0.4,0,0.333,0.364,1,0.0,-0.04
